Date,AgeGroup,Gender
01/15/2007 12:55 AM,66-75,M
01/12/2007 04:48 AM,26-35,F
01/01/2007 11:26 AM,66-75,M
01/14/2007 09:08 PM,76-85,M
01/19/2007 04:06 PM,36-45,M
01/13/2007 05:03 PM,26-35,F
01/27/2007 03:48 AM,36-45,M
01/20/2007 08:51 PM,86+,M
01/03/2007 08:51 AM,76-85,M
01/24/2007 06:29 AM,36-45,M
01/21/2007 12:46 PM,36-45,M
01/01/2007 09:35 AM,76-85,F
01/07/2007 11:37 PM,46-55,M
01/06/2007 08:13 PM,76-85,M
01/04/2007 07:06 PM,16-25,M
01/12/2007 01:20 PM,76-85,F
01/27/2007 11:00 AM,76-85,M
01/19/2007 06:36 AM,36-45,M
01/02/2007 05:14 AM,16-25,M
01/15/2007 01:26 PM,16-25,F
01/27/2007 05:36 PM,86+,M
01/28/2007 10:06 AM,66-75,M
01/08/2007 04:51 AM,36-45,F
01/11/2007 11:48 AM,16-25,M
01/21/2007 02:15 AM,56-65,M
01/21/2007 10:52 AM,76-85,F
01/09/2007 08:49 PM,36-45,F
01/22/2007 06:58 PM,76-85,M
01/08/2007 07:38 AM,46-55,M
01/10/2007 04:05 PM,46-55,M
01/01/2007 08:21 PM,16-25,M
01/06/2007 01:18 AM,56-65,M
01/07/2007 04:27 AM,16-25,M
01/14/2007 11:21 AM,66-75,M
01/12/2007 12:07 AM,76-85,M
01/22/2007 05:42 PM,36-45,F
01/16/2007 09:17 AM,56-65,M
01/13/2007 01:40 PM,<16,M
01/28/2007 04:58 AM,86+,M
01/09/2007 07:14 AM,46-55,M
01/11/2007 01:47 PM,46-55,M
01/09/2007 08:21 AM,16-25,M
01/28/2007 02:10 AM,36-45,M
01/13/2007 02:20 PM,16-25,F
01/14/2008 09:08 PM,86+,M
01/07/2008 10:05 AM,86+,M
01/05/2008 03:02 PM,56-65,M
01/14/2008 02:59 AM,26-35,M
01/27/2008 09:50 AM,86+,M
01/10/2008 04:45 AM,56-65,M
01/19/2008 08:06 AM,86+,M
01/09/2008 05:10 PM,66-75,F
01/28/2008 04:37 PM,16-25,M
01/07/2008 10:19 AM,86+,F
01/09/2008 10:37 PM,56-65,M
01/17/2008 04:48 PM,86+,F
01/15/2008 03:27 PM,86+,M
01/28/2008 11:40 AM,56-65,M
01/12/2008 09:29 PM,76-85,F
01/12/2008 11:36 PM,86+,M
01/03/2008 12:28 PM,36-45,M
01/04/2008 09:12 PM,76-85,M
01/08/2008 11:08 AM,86+,M
01/16/2008 05:29 PM,46-55,F
01/05/2008 11:20 PM,86+,M
01/18/2008 06:30 PM,86+,M
01/08/2008 03:18 PM,66-75,F
01/10/2008 01:00 PM,36-45,M
01/25/2008 11:49 PM,16-25,M
01/18/2008 04:37 PM,66-75,M
01/12/2008 08:07 AM,26-35,M
01/13/2008 02:14 PM,76-85,M
01/20/2009 10:09 AM,36-45,M
01/26/2009 12:27 AM,36-45,M
01/16/2009 07:20 AM,86+,M
01/19/2009 03:08 PM,26-35,M
01/23/2009 05:14 AM,26-35,M
01/20/2009 01:24 PM,86+,F
01/18/2009 03:59 PM,76-85,F
01/20/2009 03:10 PM,56-65,M
01/25/2009 06:06 AM,16-25,M
01/25/2009 01:16 PM,86+,M
01/02/2009 05:53 AM,76-85,F
01/22/2009 05:37 PM,86+,F
01/23/2009 04:05 AM,16-25,M
01/17/2009 04:03 AM,86+,M
01/13/2009 11:25 AM,46-55,M
01/02/2009 09:27 AM,26-35,M
01/06/2009 03:29 PM,36-45,M
01/10/2009 01:20 AM,16-25,F
01/16/2009 03:41 AM,46-55,M
01/14/2009 01:55 AM,46-55,M
01/24/2009 02:18 PM,56-65,F
01/15/2009 04:25 AM,46-55,M
01/08/2009 06:20 PM,86+,M
01/15/2009 05:35 AM,86+,F
01/20/2009 11:34 AM,76-85,M
01/08/2009 09:09 AM,56-65,M
01/09/2009 08:54 PM,66-75,M
01/07/2009 09:33 AM,26-35,M
01/15/2010 02:18 PM,46-55,M
01/05/2010 01:05 AM,16-25,M
01/22/2010 12:54 AM,86+,M
01/09/2010 01:59 PM,76-85,M
01/16/2010 03:33 AM,26-35,F
01/05/2010 04:40 AM,66-75,M
01/02/2010 08:00 AM,36-45,M
01/11/2010 06:11 PM,36-45,M
01/09/2010 10:31 AM,46-55,M
01/20/2010 10:11 PM,36-45,M
01/13/2010 11:23 AM,66-75,M
01/24/2010 11:57 PM,36-45,M
01/17/2010 09:27 PM,86+,M
01/01/2010 07:46 AM,36-45,M
01/15/2010 03:42 AM,26-35,F
01/17/2010 02:24 AM,16-25,M
01/20/2010 08:12 PM,86+,M
01/01/2010 09:33 PM,46-55,M
01/19/2010 02:12 PM,86+,M
01/27/2010 10:30 PM,16-25,M
01/14/2011 04:29 PM,16-25,F
01/16/2011 05:08 AM,46-55,F
01/16/2011 10:28 AM,86+,M
01/12/2011 06:07 PM,86+,M
01/07/2011 08:28 AM,66-75,M
01/02/2011 06:32 AM,46-55,F
01/18/2011 09:46 PM,76-85,M
01/12/2011 01:44 AM,26-35,F
01/06/2011 04:56 PM,26-35,M
01/01/2011 09:03 PM,26-35,F
01/13/2011 07:00 PM,76-85,M
01/05/2011 03:08 PM,76-85,M
01/06/2011 12:55 AM,36-45,M
01/10/2011 11:29 AM,36-45,M
01/07/2011 01:02 AM,66-75,M
01/27/2011 02:37 AM,36-45,F
01/23/2011 05:05 PM,26-35,M
01/28/2011 08:48 AM,76-85,F
01/20/2011 10:06 PM,26-35,M
01/13/2011 04:22 PM,76-85,M
01/24/2011 12:41 AM,76-85,M
01/05/2011 03:23 AM,16-25,F
01/27/2011 04:58 AM,86+,F
01/23/2011 12:26 PM,76-85,F
01/14/2011 03:20 PM,36-45,M
01/20/2011 05:30 PM,76-85,M
01/11/2011 02:51 PM,76-85,M
01/09/2011 07:48 PM,56-65,M
01/12/2011 01:54 AM,66-75,M
01/01/2011 10:47 PM,76-85,M
01/19/2011 01:43 AM,76-85,M
01/03/2011 07:37 AM,36-45,F
01/03/2011 06:32 AM,16-25,M
01/01/2011 08:48 PM,76-85,M
01/16/2011 05:45 PM,76-85,M
01/02/2011 05:20 PM,26-35,M
01/09/2012 01:42 PM,76-85,F
01/23/2012 09:31 AM,76-85,F
01/17/2012 06:33 PM,86+,F
01/13/2012 06:02 PM,16-25,F
01/04/2012 05:35 PM,76-85,M
01/20/2012 09:05 PM,86+,M
01/21/2012 09:46 PM,16-25,M
01/22/2012 02:52 PM,56-65,M
01/28/2012 07:26 AM,<16,M
01/09/2012 01:27 AM,36-45,M
01/19/2012 12:21 PM,76-85,M
01/23/2012 06:29 AM,76-85,M
01/13/2012 05:59 AM,76-85,M
01/03/2012 07:40 AM,46-55,M
01/13/2012 02:36 PM,26-35,F
01/25/2012 10:12 AM,36-45,M
01/27/2012 07:52 AM,16-25,M
01/19/2012 01:27 PM,86+,M
01/24/2012 02:12 PM,86+,F
01/03/2012 04:47 AM,86+,M
01/02/2012 01:49 AM,76-85,M
01/06/2012 09:18 PM,86+,M
01/09/2012 10:07 AM,56-65,M
01/13/2012 11:23 AM,76-85,M
01/06/2012 08:46 AM,16-25,M
01/01/2012 03:56 AM,86+,F
01/05/2012 02:07 PM,56-65,F
01/15/2012 04:13 PM,46-55,F
01/02/2013 02:43 AM,86+,F
01/04/2013 02:02 PM,56-65,M
01/03/2013 07:51 PM,86+,F
01/16/2013 10:27 AM,36-45,M
01/26/2013 07:51 AM,76-85,F
01/08/2013 08:46 AM,76-85,M
01/06/2013 10:50 AM,86+,M
01/26/2013 07:16 AM,46-55,M
01/19/2013 04:45 PM,86+,M
01/17/2013 10:29 AM,76-85,M
01/20/2013 12:26 AM,56-65,F
01/27/2013 06:05 AM,36-45,F
01/24/2013 08:54 PM,16-25,F
01/08/2013 09:21 PM,36-45,M
01/18/2013 06:45 AM,86+,M
01/02/2013 03:35 PM,36-45,F
01/05/2013 04:56 PM,66-75,F
01/06/2014 11:07 AM,86+,F
01/18/2014 07:07 AM,76-85,M
01/13/2014 12:35 AM,46-55,M
01/15/2014 08:11 AM,26-35,F
01/14/2014 11:40 PM,86+,F
01/19/2014 06:38 PM,46-55,F
01/01/2014 09:02 AM,76-85,M
01/24/2014 05:44 PM,16-25,F
01/21/2014 06:52 PM,36-45,F
01/07/2014 02:49 AM,66-75,M
01/21/2014 10:00 AM,66-75,M
01/18/2014 02:32 PM,66-75,M
01/06/2014 08:45 AM,86+,M
01/16/2014 05:04 PM,16-25,M
01/16/2014 05:22 PM,56-65,M
01/14/2014 09:21 AM,86+,F
01/02/2014 10:14 PM,66-75,M
01/08/2014 03:46 PM,26-35,M
01/15/2014 12:46 PM,46-55,M
01/05/2014 04:50 AM,76-85,F
01/07/2014 09:36 AM,46-55,M
01/08/2015 12:52 PM,76-85,M
01/15/2015 08:34 PM,56-65,M
01/25/2015 03:38 PM,46-55,M
01/22/2015 11:11 AM,36-45,M
01/02/2015 09:53 PM,86+,F
01/10/2015 11:34 AM,46-55,M
01/14/2015 03:39 AM,56-65,M
01/03/2015 03:24 PM,76-85,M
01/06/2015 06:28 PM,56-65,M
01/13/2015 07:18 AM,86+,M
01/24/2015 12:00 PM,16-25,M
01/23/2015 05:39 PM,26-35,M
01/10/2015 10:35 AM,16-25,F
01/20/2015 08:03 PM,66-75,M
01/05/2015 08:10 PM,76-85,M
01/24/2015 01:38 AM,76-85,M
01/21/2015 10:42 AM,76-85,M
01/22/2015 11:11 PM,86+,F
01/09/2015 06:25 PM,46-55,M
01/01/2015 01:16 PM,56-65,F
01/01/2015 03:26 PM,<16,F
01/04/2015 11:58 AM,16-25,F
01/16/2015 09:44 AM,76-85,F
01/15/2015 07:21 PM,26-35,M
01/22/2015 06:15 AM,16-25,M
01/19/2015 04:56 PM,86+,F
01/18/2015 10:29 AM,36-45,M
01/12/2015 06:32 AM,76-85,M
01/11/2015 11:47 AM,26-35,F
01/27/2016 06:59 PM,86+,M
01/01/2016 06:19 PM,26-35,F
01/09/2016 07:17 AM,36-45,M
01/26/2016 01:40 PM,86+,M
01/02/2016 11:25 AM,86+,M
01/14/2016 03:25 PM,86+,F
01/03/2016 07:37 PM,16-25,M
01/23/2016 07:49 PM,16-25,M
01/04/2016 03:54 AM,86+,F
01/22/2016 07:37 AM,86+,M
01/09/2016 05:53 PM,76-85,M
01/24/2016 04:57 PM,<16,M
01/03/2016 12:57 AM,16-25,M
01/12/2016 10:33 AM,86+,M
01/21/2016 10:02 AM,76-85,M
01/17/2016 01:33 PM,16-25,F
01/14/2016 10:26 PM,56-65,M
01/05/2016 07:12 AM,56-65,M
01/23/2016 04:29 AM,46-55,M
01/09/2016 09:26 PM,86+,F
01/21/2016 02:51 AM,46-55,M
01/02/2016 01:13 PM,56-65,M
01/01/2016 03:57 PM,76-85,M
01/23/2016 07:47 PM,16-25,M
01/02/2016 04:02 PM,86+,M
01/24/2016 10:22 PM,56-65,M
01/25/2016 03:53 AM,76-85,M
01/16/2016 06:47 AM,26-35,M
02/16/2007 12:33 PM,36-45,F
02/08/2007 03:36 PM,26-35,M
02/07/2007 12:00 AM,16-25,M
02/12/2007 09:04 AM,56-65,M
02/04/2007 07:21 PM,46-55,M
02/10/2007 08:07 AM,16-25,M
02/18/2007 08:59 PM,66-75,M
02/03/2007 01:53 AM,16-25,M
02/04/2007 06:08 AM,36-45,M
02/27/2007 03:15 AM,56-65,M
02/24/2007 04:19 PM,26-35,F
02/17/2007 04:17 AM,86+,M
02/23/2007 03:18 PM,76-85,M
02/10/2007 11:11 AM,16-25,M
02/28/2007 08:17 PM,56-65,F
02/15/2007 07:30 PM,86+,M
02/03/2007 08:52 AM,16-25,M
02/09/2007 07:38 PM,56-65,M
02/21/2007 11:04 AM,36-45,M
02/06/2007 09:21 AM,86+,M
02/26/2007 10:44 AM,16-25,M
02/24/2007 09:37 AM,66-75,M
02/15/2007 11:38 AM,86+,F
02/06/2007 01:22 AM,56-65,M
02/04/2007 02:00 PM,36-45,F
02/02/2007 01:43 PM,56-65,M
02/08/2007 04:32 AM,46-55,M
02/04/2007 01:45 PM,26-35,F
02/21/2007 08:20 AM,66-75,M
02/04/2007 11:34 AM,56-65,M
02/10/2008 11:44 AM,26-35,M
02/12/2008 02:59 PM,16-25,M
02/25/2008 10:31 AM,76-85,F
02/10/2008 02:43 PM,46-55,F
02/09/2008 08:12 AM,86+,M
02/06/2008 11:23 AM,76-85,F
02/12/2008 09:12 AM,76-85,M
02/09/2008 01:28 PM,86+,F
02/08/2008 06:13 PM,76-85,M
02/01/2008 06:14 AM,26-35,M
02/20/2008 04:24 PM,76-85,M
02/24/2008 12:36 AM,56-65,M
02/07/2008 07:49 AM,26-35,M
02/16/2008 02:39 AM,86+,F
02/09/2008 01:11 PM,56-65,M
02/17/2008 04:11 AM,76-85,M
02/06/2008 12:28 AM,56-65,M
02/25/2008 03:10 PM,66-75,M
02/01/2008 01:48 AM,86+,F
02/25/2008 04:54 AM,86+,F
02/20/2008 03:07 PM,16-25,M
02/11/2008 08:55 PM,56-65,M
02/28/2008 07:56 PM,26-35,F
02/03/2008 03:01 AM,56-65,M
02/27/2008 10:29 AM,66-75,F
02/10/2008 05:45 PM,76-85,M
02/21/2009 10:27 PM,86+,M
02/28/2009 02:13 AM,36-45,F
02/18/2009 12:42 PM,86+,M
02/06/2009 06:07 AM,86+,M
02/09/2009 01:22 AM,16-25,M
02/06/2009 06:50 PM,86+,M
02/10/2009 07:09 PM,36-45,M
02/13/2009 05:58 PM,86+,M
02/07/2009 11:10 AM,86+,F
02/14/2009 11:06 AM,66-75,F
02/13/2009 03:12 PM,66-75,M
02/12/2009 10:24 PM,76-85,M
02/17/2009 12:34 AM,16-25,F
02/09/2009 08:20 AM,16-25,F
02/09/2009 10:52 AM,76-85,M
02/10/2009 10:20 AM,86+,M
02/28/2009 06:20 PM,46-55,F
02/08/2009 02:05 PM,56-65,M
02/14/2009 01:41 AM,36-45,M
02/21/2009 12:09 AM,36-45,M
02/13/2009 05:12 AM,26-35,F
02/07/2009 07:18 AM,76-85,M
02/15/2009 04:11 PM,46-55,F
02/17/2009 01:08 PM,86+,M
02/05/2009 07:21 AM,76-85,M
02/27/2009 01:07 PM,46-55,F
02/25/2009 09:15 PM,86+,M
02/19/2009 02:45 PM,86+,F
02/19/2009 12:46 AM,86+,F
02/17/2009 04:42 PM,46-55,M
02/04/2009 11:00 PM,86+,M
02/09/2010 12:25 PM,<16,M
02/24/2010 11:10 AM,56-65,M
02/19/2010 07:39 PM,86+,M
02/02/2010 03:12 PM,66-75,M
02/09/2010 05:52 PM,26-35,M
02/28/2010 10:28 PM,66-75,M
02/07/2010 02:54 PM,26-35,M
02/15/2010 09:20 AM,16-25,F
02/23/2010 05:12 PM,76-85,F
02/07/2010 03:03 PM,76-85,F
02/24/2010 04:35 AM,56-65,M
02/10/2010 05:13 PM,76-85,M
02/13/2010 04:07 AM,26-35,M
02/12/2010 07:30 PM,76-85,M
02/22/2010 06:21 PM,76-85,M
02/18/2010 12:35 AM,26-35,M
02/13/2010 08:17 PM,86+,M
02/01/2010 09:56 PM,16-25,M
02/09/2010 01:43 AM,16-25,M
02/23/2010 10:25 AM,86+,F
02/19/2010 10:40 AM,26-35,M
02/24/2010 02:24 AM,16-25,M
02/25/2010 03:39 PM,86+,M
02/10/2010 06:39 PM,16-25,F
02/18/2010 12:58 AM,16-25,M
02/21/2010 12:24 AM,16-25,M
02/17/2010 08:27 PM,86+,M
02/06/2010 08:05 PM,16-25,M
02/01/2010 06:52 AM,66-75,M
02/23/2010 01:16 PM,86+,M
02/17/2010 08:55 PM,56-65,M
02/19/2010 03:24 PM,36-45,M
02/18/2010 02:10 PM,46-55,M
02/05/2011 09:34 AM,66-75,M
02/22/2011 12:22 PM,16-25,M
02/21/2011 04:57 PM,76-85,F
02/04/2011 08:03 PM,46-55,M
02/13/2011 11:12 AM,46-55,M
02/28/2011 05:11 AM,66-75,M
02/01/2011 06:36 PM,26-35,M
02/03/2011 05:29 AM,86+,M
02/12/2011 09:12 PM,26-35,F
02/21/2011 04:14 AM,86+,M
02/04/2011 09:05 AM,26-35,M
02/11/2011 03:28 AM,46-55,M
02/24/2011 08:16 AM,36-45,F
02/19/2011 05:24 AM,26-35,F
02/09/2011 12:04 PM,66-75,F
02/16/2011 05:50 PM,86+,F
02/01/2011 10:32 AM,16-25,F
02/15/2011 03:16 PM,36-45,M
02/04/2011 07:38 AM,76-85,M
02/13/2011 07:14 PM,46-55,M
02/03/2011 11:30 AM,<16,F
02/06/2011 02:28 PM,46-55,M
02/04/2011 05:04 AM,16-25,M
02/02/2011 04:09 PM,76-85,F
02/27/2011 12:12 AM,16-25,M
02/11/2011 09:09 PM,86+,M
02/11/2011 04:37 AM,26-35,M
02/11/2011 08:54 PM,46-55,M
02/13/2011 04:41 PM,86+,M
02/23/2011 11:31 AM,66-75,M
02/11/2011 01:40 AM,66-75,M
02/14/2012 01:29 AM,16-25,M
02/15/2012 01:10 PM,76-85,M
02/16/2012 02:03 PM,36-45,M
02/04/2012 12:36 PM,<16,M
02/09/2012 08:20 PM,56-65,M
02/05/2012 02:46 PM,26-35,M
02/10/2012 11:51 AM,26-35,F
02/26/2012 05:51 AM,86+,M
02/03/2012 11:48 AM,86+,F
02/11/2012 01:59 AM,86+,M
02/19/2012 10:13 PM,16-25,F
02/23/2012 02:52 PM,26-35,M
02/11/2012 01:17 PM,56-65,M
02/11/2012 04:51 AM,16-25,M
02/02/2012 09:56 PM,86+,F
02/08/2012 01:36 PM,26-35,M
02/27/2012 12:50 PM,36-45,M
02/22/2013 05:40 PM,<16,M
02/23/2013 12:44 PM,16-25,M
02/10/2013 02:52 PM,66-75,M
02/02/2013 12:44 AM,26-35,M
02/17/2013 05:23 PM,46-55,F
02/25/2013 06:26 AM,66-75,M
02/06/2013 08:55 PM,76-85,F
02/26/2013 08:03 PM,76-85,F
02/10/2013 03:59 AM,56-65,M
02/03/2013 12:36 AM,86+,M
02/22/2013 03:30 PM,26-35,F
02/28/2013 10:16 AM,76-85,M
02/19/2013 02:51 AM,36-45,M
02/14/2013 01:24 PM,26-35,M
02/11/2013 06:35 PM,76-85,M
02/22/2013 07:28 AM,56-65,F
02/22/2013 03:17 PM,66-75,M
02/14/2013 03:36 PM,86+,F
02/25/2013 01:45 PM,36-45,F
02/02/2013 12:04 PM,26-35,M
02/25/2013 09:36 AM,26-35,F
02/03/2013 08:42 AM,56-65,M
02/16/2013 01:47 PM,56-65,M
02/22/2013 10:03 AM,86+,M
02/24/2013 03:20 AM,46-55,M
02/11/2013 01:39 PM,36-45,M
02/18/2013 03:43 AM,86+,F
02/04/2013 04:52 PM,86+,M
02/15/2013 10:10 AM,46-55,F
02/25/2013 01:15 AM,56-65,F
02/25/2014 06:40 PM,76-85,M
02/27/2014 04:47 AM,76-85,M
02/19/2014 07:06 PM,76-85,M
02/23/2014 10:44 AM,16-25,F
02/01/2014 04:06 PM,76-85,F
02/27/2014 05:56 PM,16-25,M
02/23/2014 11:51 PM,86+,M
02/02/2014 10:28 AM,26-35,M
02/24/2014 01:13 PM,76-85,F
02/14/2014 09:37 AM,16-25,M
02/24/2014 09:19 PM,86+,M
02/15/2014 07:38 PM,26-35,M
02/20/2014 09:46 PM,56-65,M
02/25/2014 08:19 PM,46-55,M
02/19/2014 12:38 PM,76-85,M
02/22/2014 04:05 AM,36-45,M
02/25/2014 12:06 PM,16-25,M
02/18/2015 02:38 AM,66-75,M
02/28/2015 02:43 AM,46-55,M
02/26/2015 01:00 PM,16-25,F
02/21/2015 08:03 PM,86+,M
02/17/2015 05:31 PM,86+,M
02/10/2015 10:56 AM,16-25,M
02/24/2015 12:23 AM,56-65,F
02/10/2015 07:13 PM,36-45,F
02/27/2015 05:50 PM,<16,F
02/16/2015 02:04 PM,86+,M
02/19/2015 09:35 PM,46-55,M
02/22/2015 11:40 AM,16-25,M
02/28/2015 04:37 PM,86+,M
02/16/2015 03:21 AM,16-25,M
02/21/2015 10:52 PM,<16,F
02/12/2015 04:37 PM,56-65,M
02/28/2015 11:30 PM,76-85,M
02/17/2015 06:27 PM,86+,M
02/04/2016 02:19 AM,16-25,M
02/27/2016 09:26 AM,26-35,F
02/07/2016 02:25 PM,76-85,M
02/22/2016 07:53 PM,66-75,F
02/14/2016 02:45 AM,46-55,M
02/04/2016 10:53 AM,76-85,M
02/10/2016 09:21 AM,86+,M
02/05/2016 03:47 PM,76-85,F
02/04/2016 04:04 AM,26-35,M
02/09/2016 01:17 AM,86+,M
02/14/2016 03:26 AM,86+,F
02/04/2016 06:07 PM,86+,M
02/16/2016 02:43 PM,56-65,M
02/21/2016 04:59 AM,16-25,M
02/06/2016 05:37 AM,36-45,F
02/06/2016 08:09 PM,26-35,M
02/18/2016 12:07 AM,36-45,F
03/01/2007 12:53 PM,16-25,M
03/24/2007 08:41 PM,46-55,M
03/13/2007 06:08 AM,86+,M
03/25/2007 06:04 PM,86+,M
03/23/2007 03:02 PM,36-45,M
03/13/2007 12:01 AM,36-45,M
03/04/2007 08:50 AM,26-35,F
03/21/2007 09:24 PM,16-25,M
03/16/2007 08:52 AM,26-35,M
03/28/2007 04:23 AM,76-85,M
03/26/2007 05:06 AM,16-25,M
03/09/2007 04:13 AM,66-75,F
03/01/2007 02:41 PM,16-25,M
03/19/2007 03:14 AM,26-35,M
03/06/2007 10:10 AM,26-35,M
03/03/2007 09:33 PM,86+,F
03/12/2007 05:00 AM,76-85,M
03/12/2007 03:32 PM,16-25,M
03/10/2007 12:22 AM,26-35,F
03/25/2007 09:27 AM,36-45,F
03/28/2007 12:56 PM,76-85,F
03/06/2007 08:02 AM,76-85,M
03/26/2007 11:08 AM,56-65,F
03/10/2007 10:37 AM,86+,M
03/06/2007 05:41 PM,16-25,M
03/26/2007 11:36 PM,46-55,M
03/14/2007 03:15 PM,76-85,F
03/26/2007 06:15 PM,76-85,M
03/25/2007 01:41 PM,16-25,M
03/24/2007 01:48 PM,36-45,F
03/22/2007 05:56 PM,16-25,F
03/27/2007 10:06 AM,86+,M
03/12/2007 07:00 PM,36-45,M
03/08/2007 08:00 PM,46-55,F
03/19/2008 06:38 PM,56-65,M
03/06/2008 04:50 PM,36-45,F
03/06/2008 01:49 PM,26-35,M
03/04/2008 11:04 AM,76-85,M
03/03/2008 09:43 AM,16-25,F
03/03/2008 04:23 AM,26-35,M
03/07/2008 03:33 PM,86+,M
03/05/2008 09:41 AM,86+,F
03/13/2008 11:42 PM,86+,M
03/02/2008 01:22 AM,36-45,F
03/07/2008 07:44 AM,26-35,M
03/07/2008 06:29 PM,46-55,F
03/23/2008 04:34 AM,86+,M
03/27/2008 02:41 AM,36-45,M
03/23/2008 06:31 AM,76-85,M
03/17/2008 01:49 PM,76-85,F
03/16/2008 03:55 PM,86+,F
03/28/2008 06:12 PM,16-25,M
03/17/2008 11:21 PM,76-85,M
03/08/2008 04:55 AM,26-35,M
03/24/2008 08:00 AM,26-35,F
03/09/2008 01:02 PM,26-35,M
03/27/2008 06:25 AM,86+,M
03/17/2008 11:32 PM,46-55,M
03/26/2008 06:28 PM,86+,M
03/09/2008 06:27 PM,76-85,M
03/11/2008 08:39 PM,76-85,M
03/16/2008 01:01 AM,66-75,M
03/19/2008 04:37 AM,86+,M
03/12/2009 08:23 AM,66-75,F
03/28/2009 04:31 AM,36-45,M
03/17/2009 12:12 PM,86+,F
03/04/2009 08:35 AM,86+,M
03/25/2009 01:19 PM,46-55,M
03/13/2009 08:36 AM,36-45,F
03/25/2009 03:27 AM,76-85,M
03/28/2009 08:28 PM,36-45,F
03/04/2009 08:37 AM,46-55,M
03/02/2009 01:36 PM,46-55,F
03/23/2009 12:55 AM,86+,M
03/13/2009 10:22 PM,16-25,M
03/20/2009 01:18 AM,16-25,F
03/10/2009 06:42 AM,46-55,M
03/02/2009 09:21 PM,76-85,M
03/16/2009 10:30 AM,46-55,M
03/20/2009 08:02 AM,86+,M
03/09/2009 05:57 AM,66-75,F
03/04/2009 05:34 AM,16-25,F
03/15/2009 07:32 PM,76-85,F
03/15/2009 01:00 PM,46-55,F
03/07/2009 10:39 AM,26-35,M
03/08/2009 05:46 AM,86+,M
03/08/2009 02:00 AM,56-65,M
03/08/2009 08:30 PM,86+,M
03/27/2009 07:37 PM,<16,M
03/04/2009 11:32 AM,66-75,M
03/18/2009 09:02 AM,86+,M
03/02/2009 03:38 PM,76-85,M
03/20/2009 12:59 PM,86+,F
03/03/2009 03:58 PM,86+,M
03/24/2009 10:43 PM,86+,M
03/26/2010 10:59 AM,16-25,M
03/18/2010 11:40 AM,36-45,M
03/04/2010 02:01 AM,26-35,F
03/23/2010 01:51 PM,86+,F
03/16/2010 05:31 AM,76-85,F
03/08/2010 11:23 PM,66-75,M
03/07/2010 08:25 AM,56-65,F
03/05/2010 04:37 AM,86+,M
03/13/2010 08:10 AM,36-45,M
03/11/2010 05:11 PM,36-45,M
03/26/2010 11:22 AM,76-85,F
03/25/2010 10:37 AM,86+,F
03/21/2010 05:20 AM,66-75,M
03/26/2010 02:30 PM,36-45,M
03/23/2010 09:01 AM,26-35,F
03/14/2010 07:22 AM,66-75,M
03/26/2010 01:48 AM,26-35,M
03/15/2010 12:08 AM,56-65,M
03/13/2010 01:13 AM,56-65,M
03/07/2010 10:25 AM,56-65,F
03/18/2010 12:49 PM,56-65,F
03/02/2010 07:50 PM,36-45,M
03/11/2010 01:27 AM,86+,F
03/05/2011 11:50 AM,56-65,M
03/27/2011 10:46 PM,36-45,F
03/09/2011 04:05 PM,26-35,F
03/04/2011 02:09 PM,76-85,M
03/20/2011 02:09 AM,86+,M
03/28/2011 02:18 PM,46-55,M
03/26/2011 07:39 PM,46-55,M
03/15/2011 07:06 PM,86+,M
03/23/2011 04:23 PM,66-75,F
03/25/2011 05:51 PM,76-85,M
03/23/2011 04:56 PM,36-45,M
03/20/2011 03:26 PM,26-35,M
03/10/2011 03:11 PM,56-65,M
03/11/2011 11:46 PM,76-85,F
03/11/2011 07:47 PM,16-25,F
03/03/2011 12:55 AM,76-85,M
03/06/2011 10:11 PM,76-85,M
03/18/2011 05:48 PM,76-85,F
03/02/2011 07:31 AM,26-35,M
03/20/2011 06:35 AM,76-85,M
03/14/2011 09:45 AM,36-45,F
03/03/2011 08:32 PM,86+,F
03/19/2011 06:43 PM,86+,M
03/22/2012 07:23 AM,86+,M
03/20/2012 12:53 AM,86+,M
03/01/2012 01:11 PM,16-25,F
03/08/2012 12:51 PM,56-65,M
03/19/2012 01:09 AM,86+,M
03/07/2012 10:33 PM,16-25,F
03/17/2012 05:23 AM,66-75,M
03/22/2012 10:40 AM,76-85,M
03/27/2012 07:23 AM,46-55,F
03/05/2012 03:06 AM,46-55,M
03/28/2012 03:55 AM,16-25,F
03/16/2012 05:52 AM,26-35,F
03/18/2012 11:10 PM,86+,M
03/25/2012 09:47 AM,76-85,M
03/28/2012 02:08 AM,76-85,M
03/05/2012 01:55 PM,66-75,M
03/16/2012 01:43 AM,76-85,F
03/11/2012 07:22 PM,16-25,F
03/21/2012 10:03 AM,26-35,F
03/11/2012 09:59 PM,86+,M
03/13/2012 01:09 PM,<16,M
03/24/2012 11:27 AM,86+,F
03/03/2013 04:36 AM,66-75,M
03/09/2013 03:10 PM,76-85,M
03/07/2013 08:16 AM,16-25,F
03/06/2013 01:18 AM,56-65,F
03/08/2013 04:09 PM,66-75,M
03/11/2013 09:24 AM,46-55,M
03/24/2013 08:13 PM,66-75,F
03/04/2013 11:04 AM,76-85,F
03/26/2013 07:09 PM,76-85,F
03/24/2013 08:49 AM,66-75,M
03/11/2013 08:10 PM,<16,M
03/10/2013 03:27 AM,66-75,M
03/01/2013 09:50 AM,26-35,M
03/08/2013 10:43 PM,76-85,F
03/12/2013 04:14 PM,26-35,F
03/07/2013 03:53 AM,86+,M
03/05/2013 09:09 AM,<16,M
03/25/2013 08:02 AM,16-25,M
03/04/2013 04:06 PM,86+,M
03/10/2013 01:00 AM,<16,M
03/01/2013 11:41 AM,36-45,M
03/26/2013 10:43 PM,16-25,M
03/10/2013 11:17 AM,76-85,M
03/26/2013 02:55 AM,76-85,M
03/07/2013 01:41 AM,66-75,F
03/19/2013 05:58 PM,56-65,M
03/24/2013 12:19 AM,66-75,M
03/27/2013 07:49 AM,76-85,F
03/23/2013 10:08 AM,86+,M
03/05/2013 11:06 PM,86+,M
03/27/2014 11:10 AM,86+,M
03/11/2014 10:24 PM,56-65,M
03/09/2014 05:36 PM,36-45,F
03/24/2014 12:00 AM,76-85,M
03/13/2014 03:20 AM,36-45,F
03/25/2014 05:44 AM,56-65,M
03/17/2014 01:42 AM,26-35,M
03/19/2014 02:39 PM,26-35,M
03/03/2014 03:12 AM,36-45,M
03/26/2014 08:55 AM,36-45,M
03/05/2014 08:41 AM,16-25,M
03/17/2014 09:55 PM,86+,M
03/21/2014 06:29 AM,76-85,M
03/09/2014 02:26 AM,76-85,M
03/11/2014 12:31 PM,86+,F
03/12/2014 11:16 AM,36-45,F
03/23/2014 12:41 AM,76-85,F
03/08/2014 11:10 PM,66-75,M
03/07/2014 03:41 AM,76-85,F
03/16/2014 04:56 AM,66-75,M
03/21/2014 04:08 AM,36-45,M
03/13/2014 03:43 PM,36-45,M
03/07/2014 04:04 PM,86+,M
03/03/2014 08:44 PM,76-85,M
03/06/2015 08:43 AM,16-25,M
03/22/2015 06:24 AM,86+,M
03/15/2015 09:31 PM,16-25,M
03/28/2015 03:18 PM,36-45,M
03/04/2015 06:25 AM,76-85,M
03/19/2015 12:01 AM,86+,M
03/06/2015 05:40 PM,56-65,M
03/09/2015 03:49 AM,76-85,M
03/01/2015 01:54 PM,86+,M
03/03/2015 06:57 PM,36-45,F
03/11/2015 04:05 PM,66-75,M
03/06/2016 09:07 PM,36-45,F
03/14/2016 06:41 AM,36-45,F
03/17/2016 11:47 PM,56-65,M
03/10/2016 03:28 AM,26-35,M
03/28/2016 05:03 AM,56-65,M
03/24/2016 10:45 AM,86+,M
03/22/2016 10:42 AM,26-35,M
03/10/2016 02:00 PM,56-65,M
03/19/2016 11:46 AM,56-65,M
03/14/2016 06:53 AM,76-85,M
03/06/2016 02:01 AM,86+,M
03/27/2016 09:31 PM,86+,M
03/01/2016 01:17 PM,76-85,M
03/11/2016 11:41 AM,66-75,M
03/04/2016 01:51 PM,86+,M
03/24/2016 01:23 PM,76-85,M
03/06/2016 04:09 PM,76-85,M
04/22/2007 06:20 PM,76-85,M
04/28/2007 11:19 PM,66-75,F
04/09/2007 05:30 PM,<16,F
04/05/2007 09:37 PM,16-25,M
04/26/2007 03:44 PM,16-25,M
04/24/2007 05:05 PM,26-35,M
04/10/2007 08:44 PM,76-85,F
04/02/2007 11:08 PM,16-25,M
04/22/2007 12:42 AM,16-25,M
04/10/2007 02:41 PM,46-55,M
04/26/2007 06:41 PM,76-85,F
04/10/2007 02:40 PM,36-45,M
04/19/2007 06:40 AM,36-45,M
04/21/2007 10:17 PM,76-85,M
04/15/2007 02:50 AM,56-65,F
04/10/2007 12:03 PM,46-55,M
04/26/2007 07:12 AM,86+,M
04/24/2007 07:11 PM,86+,F
04/05/2007 07:21 PM,86+,M
04/02/2007 02:03 PM,16-25,F
04/02/2007 03:04 AM,16-25,F
04/16/2007 03:42 AM,86+,M
04/19/2007 11:33 AM,76-85,M
04/22/2007 07:47 PM,86+,F
04/14/2007 11:26 AM,26-35,M
04/15/2007 06:04 PM,36-45,F
04/12/2007 11:24 PM,46-55,F
04/17/2007 11:24 PM,76-85,F
04/01/2007 09:09 AM,76-85,M
04/23/2007 11:26 AM,36-45,M
04/28/2007 12:52 AM,16-25,F
04/16/2007 09:24 PM,86+,M
04/08/2008 01:18 AM,16-25,F
04/20/2008 09:18 AM,56-65,F
04/05/2008 03:02 AM,16-25,M
04/25/2008 08:28 AM,86+,M
04/23/2008 10:00 AM,86+,M
04/21/2008 05:57 PM,76-85,M
04/10/2008 01:27 AM,36-45,M
04/05/2008 12:46 AM,76-85,F
04/24/2008 07:53 AM,86+,M
04/25/2008 09:25 PM,76-85,F
04/28/2008 04:17 PM,26-35,M
04/22/2008 07:01 AM,16-25,M
04/20/2008 07:54 PM,26-35,M
04/08/2008 12:32 AM,16-25,M
04/14/2008 09:48 PM,86+,F
04/04/2008 09:39 PM,46-55,F
04/21/2008 04:28 AM,76-85,M
04/28/2008 02:57 AM,86+,M
04/07/2008 02:54 PM,26-35,F
04/01/2008 02:34 AM,46-55,M
04/08/2008 05:14 PM,76-85,M
04/10/2008 08:35 PM,16-25,F
04/16/2008 12:17 PM,<16,M
04/28/2008 07:57 PM,16-25,M
04/28/2008 11:32 PM,36-45,M
04/15/2008 05:40 AM,46-55,F
04/14/2008 11:41 PM,16-25,M
04/08/2008 07:22 PM,16-25,M
04/27/2008 10:51 AM,16-25,M
04/06/2009 04:02 AM,36-45,M
04/22/2009 11:49 PM,56-65,M
04/10/2009 04:09 PM,76-85,M
04/12/2009 10:03 PM,86+,M
04/06/2009 03:02 AM,66-75,M
04/15/2009 11:27 PM,26-35,F
04/09/2009 05:53 AM,76-85,F
04/11/2009 03:54 PM,16-25,M
04/02/2009 02:30 AM,86+,F
04/27/2009 08:24 AM,46-55,F
04/27/2009 01:02 AM,86+,F
04/06/2009 03:47 PM,66-75,M
04/07/2009 03:20 AM,66-75,M
04/03/2009 12:17 AM,36-45,M
04/24/2009 04:53 AM,56-65,M
04/19/2009 07:21 PM,26-35,M
04/22/2009 02:21 PM,<16,F
04/16/2010 05:06 AM,<16,M
04/10/2010 03:02 AM,16-25,M
04/16/2010 05:29 PM,46-55,M
04/02/2010 11:53 AM,66-75,M
04/15/2010 03:31 AM,16-25,F
04/17/2010 10:22 AM,56-65,M
04/23/2010 05:17 AM,76-85,M
04/18/2010 11:54 AM,66-75,M
04/02/2010 05:19 AM,16-25,F
04/13/2010 04:53 AM,76-85,M
04/12/2010 04:26 PM,86+,M
04/04/2010 11:49 PM,86+,M
04/23/2010 05:38 PM,26-35,F
04/17/2010 12:41 PM,86+,F
04/25/2010 05:49 AM,66-75,F
04/05/2010 11:20 AM,16-25,M
04/17/2010 03:56 AM,36-45,F
04/06/2010 09:20 AM,46-55,F
04/17/2010 12:07 PM,36-45,M
04/14/2010 02:35 AM,46-55,M
04/13/2010 05:05 AM,36-45,M
04/23/2010 09:51 PM,86+,F
04/03/2010 11:34 PM,86+,M
04/13/2011 04:46 PM,36-45,M
04/10/2011 10:04 AM,46-55,M
04/28/2011 05:04 AM,76-85,M
04/23/2011 02:13 AM,16-25,M
04/08/2011 07:39 PM,56-65,M
04/15/2011 09:54 PM,76-85,M
04/03/2011 08:10 AM,76-85,F
04/03/2011 01:02 AM,86+,M
04/12/2011 09:53 PM,46-55,M
04/03/2011 11:10 AM,16-25,M
04/11/2011 10:50 PM,36-45,M
04/02/2011 08:11 PM,86+,M
04/01/2011 08:23 PM,56-65,F
04/04/2011 06:07 PM,26-35,M
04/17/2011 03:37 AM,86+,F
04/14/2011 12:43 PM,86+,M
04/15/2011 07:20 PM,76-85,M
04/19/2011 11:05 AM,36-45,F
04/22/2011 02:45 AM,76-85,M
04/11/2011 07:13 AM,86+,F
04/01/2011 05:19 PM,86+,M
04/15/2011 11:57 PM,86+,F
04/02/2011 09:12 AM,56-65,M
04/02/2011 11:26 PM,66-75,F
04/28/2011 07:51 AM,76-85,F
04/12/2011 05:07 PM,46-55,M
04/05/2011 09:34 AM,86+,M
04/10/2011 06:41 PM,86+,M
04/06/2011 10:46 PM,86+,M
04/27/2012 08:54 AM,16-25,M
04/27/2012 12:05 AM,76-85,M
04/07/2012 05:31 PM,76-85,F
04/25/2012 04:23 PM,76-85,M
04/01/2012 03:46 AM,86+,F
04/19/2012 10:16 PM,76-85,M
04/15/2012 12:08 PM,16-25,F
04/12/2012 10:46 PM,46-55,F
04/15/2012 09:27 PM,86+,F
04/15/2012 05:23 PM,16-25,F
04/18/2012 09:01 PM,46-55,M
04/02/2012 03:50 PM,66-75,M
04/18/2012 02:38 AM,26-35,M
04/05/2012 12:15 AM,76-85,M
04/16/2012 07:17 AM,76-85,F
04/23/2012 12:46 AM,76-85,M
04/01/2013 07:21 PM,76-85,F
04/07/2013 09:05 PM,86+,F
04/13/2013 09:50 PM,76-85,M
04/18/2013 11:48 PM,86+,M
04/25/2013 05:29 PM,16-25,M
04/09/2013 01:07 PM,46-55,F
04/14/2013 04:08 AM,16-25,M
04/02/2013 01:51 PM,76-85,M
04/23/2013 01:11 AM,36-45,M
04/10/2013 03:15 AM,16-25,M
04/28/2013 07:12 AM,36-45,M
04/21/2013 11:39 PM,16-25,M
04/11/2013 08:44 AM,56-65,M
04/08/2013 01:16 PM,36-45,F
04/12/2013 08:31 AM,76-85,F
04/06/2013 01:56 AM,26-35,F
04/06/2013 08:57 AM,46-55,M
04/27/2013 01:20 PM,16-25,M
04/21/2013 03:02 AM,36-45,F
04/17/2013 02:07 PM,26-35,M
04/24/2013 03:42 PM,56-65,M
04/20/2013 06:24 PM,56-65,M
04/12/2013 07:01 AM,86+,M
04/11/2013 06:38 AM,86+,M
04/14/2014 02:47 AM,76-85,M
04/04/2014 03:30 AM,36-45,M
04/20/2014 03:15 PM,86+,M
04/10/2014 07:34 AM,36-45,F
04/03/2014 01:13 PM,86+,M
04/17/2014 01:21 AM,66-75,M
04/15/2014 05:23 PM,86+,M
04/25/2014 03:02 PM,76-85,M
04/01/2014 04:17 AM,66-75,M
04/07/2014 03:31 PM,66-75,M
04/14/2014 01:41 PM,56-65,M
04/23/2014 05:51 AM,16-25,M
04/04/2014 05:29 PM,86+,M
04/23/2014 04:08 PM,76-85,F
04/20/2014 01:57 PM,36-45,M
04/23/2014 11:47 AM,86+,M
04/20/2014 11:32 AM,66-75,F
04/25/2015 02:59 AM,16-25,F
04/27/2015 12:44 AM,26-35,M
04/13/2015 02:45 PM,86+,F
04/04/2015 09:11 AM,36-45,F
04/21/2015 08:49 AM,76-85,M
04/19/2015 03:13 AM,86+,F
04/23/2015 11:46 PM,66-75,M
04/25/2015 02:21 PM,76-85,M
04/25/2015 06:45 AM,36-45,M
04/25/2015 05:58 AM,86+,M
04/01/2015 05:42 AM,76-85,F
04/05/2015 07:26 PM,66-75,M
04/20/2016 03:30 PM,86+,M
04/12/2016 04:05 AM,66-75,M
04/20/2016 02:06 AM,76-85,M
04/01/2016 04:34 PM,66-75,M
04/21/2016 02:52 AM,76-85,M
04/15/2016 01:22 PM,86+,M
04/02/2016 08:36 AM,76-85,M
04/27/2016 01:44 AM,86+,F
04/21/2016 01:27 AM,46-55,M
04/23/2016 11:51 PM,26-35,M
04/28/2016 11:38 AM,56-65,F
04/12/2016 01:09 AM,66-75,M
04/27/2016 10:17 PM,16-25,M
04/05/2016 11:27 AM,76-85,F
04/15/2016 07:34 PM,46-55,M
04/15/2016 02:12 PM,36-45,M
04/23/2016 06:06 PM,26-35,M
04/08/2016 09:56 PM,86+,M
04/28/2016 01:00 AM,76-85,M
05/18/2007 08:11 AM,66-75,M
05/07/2007 07:38 AM,46-55,M
05/06/2007 12:10 AM,86+,M
05/01/2007 10:16 PM,46-55,F
05/13/2007 06:54 PM,86+,F
05/05/2007 07:10 PM,66-75,F
05/20/2007 04:56 PM,26-35,M
05/22/2007 08:02 AM,36-45,M
05/02/2007 04:59 PM,76-85,F
05/28/2007 10:35 AM,36-45,M
05/21/2007 08:21 PM,66-75,F
05/06/2007 03:15 PM,26-35,M
05/13/2007 02:37 PM,86+,F
05/17/2007 03:37 AM,36-45,M
05/21/2007 02:38 AM,36-45,M
05/04/2007 10:08 AM,26-35,M
05/10/2007 06:21 AM,46-55,M
05/01/2007 01:04 AM,86+,M
05/23/2007 07:03 PM,36-45,M
05/14/2007 10:12 AM,76-85,M
05/24/2007 03:24 AM,46-55,F
05/13/2007 05:34 PM,36-45,F
05/22/2007 10:54 PM,26-35,M
05/22/2007 01:39 PM,36-45,M
05/27/2007 09:24 PM,26-35,M
05/16/2007 09:46 PM,76-85,M
05/23/2007 01:47 AM,86+,M
05/20/2007 08:59 AM,16-25,F
05/03/2007 04:57 PM,56-65,M
05/02/2007 12:25 AM,76-85,F
05/12/2007 10:19 PM,26-35,M
05/09/2008 12:24 AM,86+,M
05/16/2008 04:44 AM,86+,F
05/23/2008 10:34 AM,46-55,M
05/16/2008 05:49 AM,86+,F
05/27/2008 08:15 AM,86+,F
05/04/2008 03:57 PM,26-35,M
05/08/2008 12:58 AM,86+,M
05/13/2008 06:40 PM,86+,M
05/17/2008 06:23 PM,16-25,M
05/21/2008 06:49 PM,86+,M
05/11/2008 06:36 PM,76-85,M
05/04/2008 09:15 AM,16-25,M
05/22/2008 07:29 PM,16-25,M
05/12/2008 06:07 AM,86+,M
05/20/2008 04:12 AM,26-35,M
05/20/2008 09:13 PM,16-25,M
05/05/2008 09:56 AM,36-45,M
05/02/2008 05:24 PM,86+,F
05/21/2008 08:22 AM,26-35,M
05/24/2008 01:36 AM,56-65,M
05/01/2008 02:24 AM,66-75,F
05/25/2008 03:10 PM,86+,M
05/01/2008 12:48 PM,16-25,M
05/28/2008 08:12 AM,36-45,F
05/22/2008 11:23 PM,76-85,F
05/07/2008 08:19 AM,76-85,F
05/06/2008 06:06 PM,56-65,M
05/20/2008 05:57 AM,86+,F
05/04/2008 09:30 PM,16-25,M
05/05/2008 03:50 PM,76-85,F
05/03/2008 02:54 PM,56-65,M
05/28/2008 03:33 PM,86+,M
05/17/2008 06:12 PM,76-85,M
05/08/2008 11:19 PM,56-65,F
05/01/2008 01:27 AM,86+,M
05/06/2009 11:56 PM,56-65,F
05/28/2009 11:10 PM,76-85,M
05/26/2009 08:38 AM,66-75,F
05/08/2009 01:28 AM,46-55,M
05/25/2009 03:30 AM,76-85,F
05/28/2009 01:47 AM,26-35,M
05/07/2009 05:03 PM,16-25,M
05/16/2009 06:50 PM,56-65,M
05/20/2009 12:55 PM,66-75,M
05/02/2009 05:08 PM,46-55,F
05/13/2009 07:09 AM,86+,M
05/19/2009 07:56 AM,76-85,F
05/16/2009 05:15 AM,76-85,F
05/10/2009 08:33 PM,<16,M
05/01/2009 10:56 PM,46-55,M
05/02/2009 05:52 AM,76-85,M
05/14/2009 09:10 PM,16-25,M
05/19/2009 09:19 PM,76-85,M
05/10/2009 03:25 AM,46-55,M
05/14/2009 07:22 AM,16-25,F
05/17/2009 05:31 PM,16-25,F
05/02/2009 01:08 AM,16-25,M
05/05/2009 08:30 PM,36-45,F
05/07/2009 06:21 PM,46-55,F
05/27/2009 10:13 AM,86+,M
05/21/2009 10:17 AM,36-45,M
05/23/2009 04:23 PM,26-35,M
05/01/2009 07:12 PM,16-25,F
05/04/2010 07:44 PM,86+,M
05/12/2010 02:46 PM,36-45,M
05/08/2010 07:18 PM,26-35,M
05/07/2010 10:39 PM,86+,F
05/23/2010 03:39 PM,36-45,F
05/07/2010 06:02 PM,76-85,M
05/10/2010 05:06 PM,16-25,M
05/24/2010 06:40 PM,16-25,M
05/06/2010 09:39 AM,36-45,M
05/06/2010 07:58 PM,76-85,M
05/19/2010 07:08 PM,<16,M
05/17/2010 04:50 AM,56-65,M
05/04/2010 06:21 PM,76-85,F
05/17/2010 03:17 PM,66-75,M
05/04/2010 04:04 PM,26-35,F
05/05/2010 11:00 PM,66-75,F
05/26/2010 08:05 AM,56-65,M
05/23/2010 03:52 PM,36-45,M
05/21/2010 03:35 AM,66-75,M
05/05/2010 05:03 PM,26-35,F
05/14/2010 06:29 AM,76-85,M
05/15/2010 10:49 PM,66-75,F
05/10/2010 02:52 PM,26-35,F
05/15/2010 11:42 PM,56-65,M
05/02/2010 03:28 PM,76-85,F
05/05/2010 05:49 PM,66-75,M
05/09/2010 12:43 AM,86+,F
05/24/2010 07:57 PM,86+,M
05/21/2010 06:58 AM,<16,M
05/10/2011 02:36 AM,76-85,M
05/15/2011 09:47 PM,86+,M
05/23/2011 10:51 PM,76-85,M
05/08/2011 10:53 PM,76-85,M
05/17/2011 02:03 AM,66-75,F
05/18/2011 04:33 PM,86+,F
05/08/2011 03:13 PM,56-65,M
05/15/2011 04:19 AM,86+,M
05/08/2011 04:59 PM,66-75,F
05/11/2011 01:29 AM,76-85,M
05/20/2011 12:45 PM,16-25,M
05/11/2011 09:16 PM,16-25,M
05/04/2011 05:26 AM,36-45,F
05/03/2011 10:58 AM,76-85,M
05/28/2011 11:55 AM,16-25,M
05/01/2011 04:45 PM,76-85,M
05/12/2011 02:30 AM,16-25,M
05/15/2011 11:45 AM,46-55,M
05/19/2011 09:02 PM,26-35,M
05/10/2011 02:15 PM,36-45,M
05/23/2011 04:49 PM,16-25,F
05/12/2011 08:07 AM,76-85,M
05/10/2011 10:23 PM,36-45,M
05/26/2012 07:50 AM,76-85,F
05/03/2012 10:43 AM,76-85,F
05/13/2012 08:54 PM,76-85,M
05/02/2012 11:11 AM,76-85,F
05/24/2012 06:16 PM,86+,M
05/23/2012 12:17 AM,76-85,M
05/02/2012 04:04 PM,36-45,M
05/09/2012 03:45 AM,36-45,M
05/07/2012 05:59 PM,76-85,M
05/09/2012 07:14 AM,86+,M
05/16/2012 02:21 PM,26-35,F
05/10/2012 12:57 AM,76-85,M
05/25/2012 03:51 PM,66-75,M
05/23/2012 12:28 AM,36-45,F
05/16/2013 12:38 AM,56-65,M
05/26/2013 02:44 AM,36-45,M
05/14/2013 01:48 AM,86+,M
05/12/2013 03:36 PM,26-35,M
05/12/2013 06:24 AM,46-55,M
05/07/2013 05:48 PM,86+,M
05/03/2013 05:26 AM,56-65,F
05/25/2013 01:49 AM,76-85,M
05/28/2013 12:17 PM,66-75,F
05/21/2013 03:10 PM,16-25,M
05/25/2013 07:56 PM,36-45,F
05/12/2013 01:02 PM,26-35,F
05/23/2013 12:54 AM,56-65,M
05/01/2013 01:23 AM,86+,F
05/03/2013 12:16 AM,36-45,F
05/06/2013 05:52 PM,86+,F
05/08/2013 06:12 PM,16-25,M
05/05/2013 02:10 AM,66-75,M
05/11/2013 05:52 AM,76-85,F
05/20/2013 07:35 AM,66-75,M
05/23/2013 03:57 AM,76-85,M
05/13/2013 09:14 PM,76-85,M
05/10/2014 07:22 AM,76-85,M
05/17/2014 04:57 AM,36-45,M
05/16/2014 11:53 PM,66-75,M
05/07/2014 01:29 PM,86+,M
05/16/2014 11:10 AM,76-85,M
05/12/2014 08:53 PM,76-85,M
05/09/2014 03:21 PM,86+,F
05/08/2014 03:53 AM,16-25,M
05/14/2014 02:06 PM,16-25,M
05/19/2014 12:48 AM,76-85,M
05/09/2014 06:53 AM,56-65,M
05/11/2014 07:35 PM,26-35,M
05/07/2014 11:33 AM,76-85,M
05/04/2014 01:21 AM,76-85,F
05/21/2014 09:49 AM,86+,M
05/21/2014 01:28 AM,66-75,M
05/16/2014 08:56 AM,66-75,M
05/27/2014 04:57 PM,36-45,F
05/08/2014 09:57 PM,26-35,F
05/15/2014 06:51 PM,46-55,F
05/13/2014 01:36 AM,36-45,F
05/12/2014 06:28 PM,86+,M
05/07/2014 05:29 AM,46-55,M
05/19/2014 05:48 AM,76-85,M
05/12/2015 05:19 PM,76-85,F
05/04/2015 10:05 PM,26-35,M
05/02/2015 09:01 AM,16-25,F
05/16/2015 03:46 AM,66-75,M
05/06/2015 08:52 AM,16-25,F
05/03/2015 10:39 PM,86+,M
05/06/2015 01:42 PM,76-85,M
05/10/2015 12:10 PM,66-75,M
05/14/2015 11:39 PM,86+,M
05/04/2015 01:26 AM,16-25,M
05/28/2015 10:23 AM,86+,M
05/04/2015 04:08 AM,66-75,M
05/17/2015 09:59 PM,36-45,F
05/27/2015 12:23 PM,46-55,M
05/15/2015 08:04 PM,86+,M
05/22/2015 11:47 PM,76-85,F
05/25/2015 06:32 AM,86+,M
05/11/2015 11:15 PM,56-65,M
05/09/2015 09:00 PM,76-85,F
05/24/2015 01:29 AM,76-85,F
05/13/2016 06:17 PM,86+,M
05/26/2016 03:15 AM,86+,M
05/26/2016 12:16 PM,16-25,M
05/23/2016 01:37 AM,16-25,F
05/05/2016 04:08 PM,76-85,F
05/07/2016 06:06 AM,76-85,M
05/27/2016 04:53 PM,66-75,M
05/26/2016 01:54 PM,86+,F
05/10/2016 04:29 PM,26-35,M
05/04/2016 11:21 PM,36-45,M
05/18/2016 02:46 PM,36-45,M
05/27/2016 02:10 PM,76-85,F
05/05/2016 06:51 AM,26-35,M
05/21/2016 05:27 AM,36-45,M
05/20/2016 10:05 PM,16-25,F
05/11/2016 05:21 PM,76-85,M
05/23/2016 01:22 PM,16-25,F
05/04/2016 12:03 PM,76-85,M
05/23/2016 05:13 AM,56-65,M
05/22/2016 07:49 AM,26-35,M
05/17/2016 07:15 AM,46-55,M
06/07/2007 01:02 PM,16-25,M
06/15/2007 06:11 AM,76-85,M
06/19/2007 04:40 AM,26-35,M
06/26/2007 06:47 PM,66-75,M
06/06/2007 12:49 PM,86+,M
06/19/2007 12:00 PM,36-45,M
06/01/2007 08:06 PM,16-25,M
06/09/2007 02:34 PM,86+,M
06/08/2007 06:33 PM,36-45,M
06/20/2007 03:29 AM,36-45,F
06/21/2007 02:40 AM,66-75,M
06/28/2007 11:41 AM,66-75,M
06/04/2007 11:09 AM,56-65,F
06/03/2007 05:36 AM,46-55,F
06/03/2007 04:10 PM,26-35,M
06/23/2007 11:58 AM,36-45,M
06/14/2007 05:54 PM,56-65,M
06/19/2007 04:01 PM,66-75,M
06/19/2007 02:03 AM,26-35,M
06/19/2007 03:26 PM,76-85,F
06/14/2007 06:54 AM,56-65,M
06/19/2007 09:17 AM,86+,M
06/09/2007 09:28 PM,86+,F
06/05/2007 07:41 PM,56-65,M
06/13/2007 03:29 AM,46-55,M
06/04/2007 10:43 AM,56-65,M
06/14/2007 05:27 AM,36-45,M
06/20/2007 04:06 AM,26-35,M
06/28/2007 01:01 AM,76-85,F
06/11/2007 08:45 AM,46-55,M
06/19/2007 02:34 PM,16-25,M
06/06/2007 03:45 AM,66-75,M
06/15/2007 08:29 PM,86+,M
06/08/2007 09:25 PM,86+,M
06/12/2007 06:14 PM,76-85,M
06/17/2007 01:20 PM,86+,M
06/26/2007 04:51 AM,16-25,M
06/12/2007 09:30 PM,36-45,M
06/09/2007 06:31 PM,56-65,M
06/24/2007 08:00 PM,56-65,M
06/21/2007 02:38 AM,66-75,M
06/03/2007 03:25 PM,76-85,M
06/09/2007 04:09 AM,76-85,M
06/23/2007 09:06 AM,16-25,M
06/02/2007 01:02 AM,16-25,M
06/15/2007 07:56 PM,86+,M
06/11/2007 08:12 PM,76-85,M
06/13/2007 10:47 PM,76-85,M
06/18/2008 04:46 AM,36-45,F
06/24/2008 05:56 PM,56-65,M
06/28/2008 10:44 PM,36-45,M
06/04/2008 09:56 PM,16-25,M
06/27/2008 03:43 AM,56-65,M
06/14/2008 02:35 AM,66-75,F
06/11/2008 01:14 AM,86+,M
06/24/2008 10:05 AM,66-75,M
06/17/2008 08:08 AM,56-65,M
06/11/2008 12:06 PM,46-55,M
06/08/2008 01:35 PM,86+,M
06/22/2008 08:37 AM,16-25,M
06/17/2008 03:21 PM,46-55,M
06/17/2008 07:32 AM,36-45,F
06/01/2008 01:42 AM,86+,M
06/15/2008 06:14 PM,36-45,M
06/22/2008 11:44 AM,16-25,F
06/18/2008 05:16 PM,86+,M
06/07/2008 12:08 PM,56-65,M
06/03/2008 07:33 PM,76-85,F
06/11/2008 11:50 AM,86+,M
06/08/2008 10:37 PM,76-85,M
06/08/2008 11:45 PM,86+,F
06/28/2008 04:45 AM,16-25,M
06/20/2008 10:22 AM,36-45,M
06/13/2008 12:03 PM,86+,M
06/01/2009 07:42 PM,16-25,M
06/26/2009 09:18 PM,16-25,M
06/03/2009 05:54 AM,86+,M
06/28/2009 04:42 AM,36-45,M
06/22/2009 07:55 AM,76-85,M
06/25/2009 01:40 AM,66-75,F
06/20/2009 04:32 PM,76-85,M
06/01/2009 10:40 PM,86+,M
06/23/2009 10:00 AM,46-55,M
06/23/2009 08:21 PM,86+,F
06/01/2009 04:22 PM,16-25,M
06/13/2009 05:12 PM,66-75,M
06/02/2009 09:45 AM,76-85,M
06/09/2009 01:28 PM,36-45,M
06/10/2009 06:48 PM,66-75,F
06/23/2009 09:37 AM,56-65,M
06/28/2009 07:58 AM,26-35,F
06/05/2009 03:05 PM,36-45,M
06/24/2009 05:24 PM,86+,M
06/26/2009 06:45 PM,26-35,F
06/05/2009 07:14 AM,86+,M
06/11/2009 08:34 PM,86+,M
06/23/2009 09:57 AM,86+,F
06/14/2009 09:03 PM,26-35,M
06/10/2009 06:55 AM,46-55,M
06/10/2009 03:57 AM,56-65,F
06/17/2009 04:33 AM,76-85,F
06/06/2009 09:18 AM,36-45,M
06/07/2009 06:24 AM,56-65,F
06/23/2009 09:40 PM,66-75,F
06/03/2010 04:56 PM,36-45,M
06/03/2010 10:49 PM,56-65,M
06/21/2010 07:12 PM,76-85,F
06/21/2010 01:41 PM,86+,F
06/22/2010 03:46 AM,86+,M
06/16/2010 12:39 PM,46-55,M
06/25/2010 08:19 PM,76-85,M
06/14/2010 02:21 PM,86+,M
06/11/2010 06:47 AM,36-45,M
06/14/2010 12:14 PM,86+,M
06/09/2010 10:05 PM,86+,M
06/23/2010 12:20 PM,36-45,F
06/08/2010 12:56 PM,26-35,M
06/21/2010 12:02 AM,76-85,F
06/20/2010 11:15 PM,86+,M
06/12/2010 07:40 AM,66-75,M
06/24/2010 07:52 PM,46-55,F
06/07/2010 06:06 AM,16-25,M
06/27/2010 08:39 AM,66-75,F
06/18/2010 10:07 PM,56-65,M
06/17/2010 04:57 AM,66-75,F
06/13/2010 04:46 PM,56-65,F
06/20/2010 11:21 PM,26-35,M
06/20/2010 03:28 PM,86+,M
06/28/2010 08:48 AM,26-35,F
06/11/2010 06:57 AM,46-55,M
06/02/2010 01:42 PM,26-35,F
06/12/2010 06:32 PM,76-85,F
06/23/2010 06:12 PM,16-25,F
06/07/2010 06:23 AM,56-65,M
06/22/2010 05:50 PM,76-85,M
06/09/2010 12:07 PM,46-55,M
06/05/2010 11:14 AM,16-25,M
06/03/2010 03:59 PM,76-85,M
06/13/2010 12:08 PM,86+,M
06/28/2010 06:24 PM,36-45,M
06/27/2010 05:05 AM,86+,F
06/02/2010 04:36 PM,36-45,M
06/16/2011 04:56 PM,66-75,M
06/25/2011 05:46 AM,16-25,F
06/01/2011 07:15 PM,16-25,M
06/06/2011 12:20 AM,76-85,F
06/20/2011 11:10 PM,16-25,M
06/23/2011 12:42 AM,66-75,M
06/02/2011 05:21 AM,86+,F
06/26/2011 03:42 PM,56-65,F
06/22/2011 04:25 PM,36-45,M
06/19/2011 02:30 PM,86+,M
06/18/2011 10:28 AM,26-35,F
06/01/2011 10:31 PM,56-65,M
06/21/2011 06:44 AM,86+,M
06/17/2011 04:46 PM,76-85,M
06/26/2011 12:31 AM,76-85,F
06/22/2011 04:46 AM,66-75,F
06/18/2011 06:27 AM,<16,F
06/10/2011 04:59 AM,46-55,M
06/06/2011 01:23 AM,66-75,M
06/13/2011 07:17 AM,46-55,M
06/14/2011 03:06 AM,26-35,M
06/17/2011 06:52 PM,86+,M
06/28/2011 04:57 PM,36-45,F
06/27/2011 07:15 AM,66-75,M
06/17/2011 04:10 PM,46-55,M
06/10/2011 11:29 PM,36-45,F
06/15/2011 09:25 PM,46-55,M
06/11/2011 02:09 PM,46-55,M
06/19/2011 10:14 PM,66-75,M
06/15/2011 02:06 AM,46-55,F
06/08/2011 09:39 AM,36-45,M
06/06/2011 02:02 PM,56-65,M
06/22/2011 06:49 AM,<16,M
06/06/2011 12:31 AM,46-55,M
06/07/2011 07:18 PM,26-35,M
06/28/2011 06:42 AM,86+,M
06/28/2011 03:19 PM,46-55,M
06/27/2012 12:29 PM,86+,M
06/09/2012 12:57 AM,66-75,M
06/04/2012 01:23 PM,36-45,M
06/18/2012 02:08 AM,56-65,F
06/10/2012 03:22 AM,86+,M
06/04/2012 08:21 AM,86+,F
06/11/2012 12:46 AM,26-35,F
06/15/2012 01:35 PM,16-25,F
06/05/2012 10:43 PM,86+,M
06/17/2012 06:07 PM,26-35,F
06/08/2012 11:57 PM,26-35,M
06/08/2012 04:34 PM,66-75,M
06/18/2012 08:58 AM,66-75,M
06/17/2012 05:04 PM,36-45,F
06/02/2012 04:18 PM,86+,F
06/06/2012 12:10 PM,86+,M
06/12/2012 10:30 PM,76-85,M
06/28/2012 05:08 PM,46-55,F
06/14/2012 10:27 PM,36-45,M
06/27/2012 07:21 AM,26-35,F
06/28/2012 05:48 AM,16-25,F
06/25/2012 12:49 AM,86+,M
06/10/2012 06:30 AM,66-75,M
06/18/2012 11:12 PM,16-25,F
06/02/2012 02:40 AM,86+,M
06/14/2012 04:20 PM,76-85,M
06/25/2012 02:54 PM,76-85,M
06/14/2012 07:38 AM,56-65,M
06/23/2013 05:53 PM,46-55,M
06/07/2013 05:13 AM,36-45,M
06/08/2013 11:47 PM,66-75,M
06/11/2013 09:19 PM,86+,M
06/24/2013 05:50 AM,46-55,M
06/02/2013 05:49 PM,76-85,M
06/04/2013 10:07 PM,66-75,M
06/20/2013 07:38 AM,86+,M
06/28/2013 02:29 PM,76-85,M
06/05/2013 12:21 AM,56-65,M
06/10/2013 11:48 AM,26-35,F
06/10/2013 03:25 AM,56-65,F
06/05/2014 09:50 AM,26-35,M
06/20/2014 03:06 AM,16-25,M
06/16/2014 08:10 AM,86+,M
06/17/2014 02:59 AM,36-45,M
06/04/2014 01:04 PM,76-85,M
06/19/2014 09:56 PM,76-85,M
06/11/2014 10:49 PM,56-65,M
06/03/2014 06:42 AM,86+,M
06/03/2014 02:13 PM,26-35,M
06/28/2014 11:07 PM,56-65,F
06/06/2014 11:04 AM,86+,M
06/09/2014 12:00 PM,76-85,F
06/24/2014 11:51 AM,46-55,F
06/18/2014 03:31 PM,16-25,F
06/06/2014 05:10 AM,46-55,M
06/17/2014 06:41 AM,86+,F
06/08/2014 02:14 PM,46-55,M
06/19/2014 09:56 AM,86+,M
06/02/2014 11:32 AM,56-65,M
06/24/2014 08:17 AM,86+,M
06/23/2014 10:15 PM,46-55,F
06/27/2014 02:20 AM,66-75,M
06/16/2015 12:23 PM,16-25,M
06/08/2015 09:00 PM,16-25,M
06/11/2015 07:31 AM,46-55,M
06/16/2015 12:40 AM,76-85,M
06/06/2015 07:48 PM,86+,F
06/08/2015 05:28 PM,86+,F
06/13/2015 10:47 AM,86+,M
06/04/2015 11:48 PM,86+,M
06/22/2015 06:04 AM,86+,M
06/05/2015 08:17 AM,16-25,M
06/04/2015 12:15 AM,76-85,M
06/05/2015 05:24 PM,46-55,M
06/20/2015 04:02 PM,16-25,M
06/09/2015 05:05 PM,26-35,M
06/02/2015 04:08 AM,76-85,M
06/07/2015 02:58 PM,86+,F
06/25/2015 03:54 PM,76-85,F
06/20/2015 07:55 AM,36-45,F
06/14/2015 05:12 AM,86+,M
06/16/2015 05:58 PM,56-65,M
06/02/2015 03:02 PM,66-75,M
06/19/2015 02:06 AM,56-65,F
06/18/2015 12:07 AM,26-35,F
06/03/2015 05:15 AM,26-35,M
06/12/2015 01:39 PM,86+,M
06/14/2015 08:57 AM,76-85,F
06/13/2015 07:13 AM,66-75,M
06/06/2015 02:48 PM,16-25,M
06/14/2015 07:31 AM,36-45,F
06/12/2015 07:08 AM,<16,M
06/05/2015 02:40 PM,86+,F
06/24/2015 12:19 PM,56-65,F
06/20/2015 12:29 PM,16-25,M
06/20/2016 04:54 AM,26-35,M
06/12/2016 04:31 PM,46-55,M
06/05/2016 04:30 AM,26-35,F
06/03/2016 11:15 AM,86+,M
06/21/2016 03:02 AM,36-45,F
06/05/2016 11:30 AM,36-45,M
06/18/2016 09:15 PM,66-75,M
06/04/2016 09:22 AM,46-55,M
06/18/2016 06:52 AM,76-85,M
06/22/2016 03:01 AM,66-75,F
06/04/2016 12:09 PM,76-85,M
06/11/2016 04:17 AM,76-85,F
06/05/2016 01:01 PM,56-65,M
06/28/2016 07:59 AM,76-85,M
06/25/2016 10:52 PM,26-35,F
06/22/2016 03:29 PM,86+,F
06/13/2016 05:21 AM,36-45,M
06/05/2016 03:50 PM,76-85,M
06/03/2016 02:37 PM,86+,M
06/17/2016 06:40 AM,26-35,M
06/27/2016 09:06 PM,46-55,F
06/11/2016 10:47 AM,16-25,M
06/01/2016 09:58 AM,16-25,M
06/18/2016 12:22 PM,26-35,M
06/27/2016 01:56 AM,76-85,F
07/06/2007 09:42 PM,76-85,M
07/15/2007 04:21 PM,86+,F
07/27/2007 02:21 AM,86+,F
07/07/2007 08:43 PM,86+,M
07/23/2007 07:32 AM,56-65,M
07/27/2007 01:03 PM,86+,M
07/08/2007 02:31 PM,36-45,M
07/22/2007 09:59 PM,76-85,F
07/24/2007 01:04 PM,86+,M
07/07/2007 11:31 PM,66-75,M
07/28/2007 02:41 AM,76-85,F
07/19/2007 05:17 AM,66-75,F
07/26/2007 03:10 AM,36-45,F
07/07/2007 12:24 AM,86+,M
07/18/2007 11:31 AM,76-85,M
07/05/2007 02:38 PM,26-35,M
07/11/2007 09:36 AM,46-55,M
07/05/2007 10:45 PM,86+,M
07/27/2007 07:31 PM,66-75,M
07/11/2007 11:19 PM,26-35,F
07/19/2007 04:15 AM,76-85,M
07/27/2007 12:36 PM,36-45,F
07/04/2007 03:04 AM,76-85,F
07/05/2007 05:11 AM,46-55,M
07/10/2007 09:11 AM,26-35,M
07/08/2007 05:53 PM,16-25,M
07/25/2007 10:42 PM,76-85,M
07/12/2007 02:58 AM,76-85,M
07/13/2007 08:32 PM,66-75,F
07/09/2007 02:59 AM,76-85,M
07/03/2007 07:34 AM,86+,M
07/05/2007 10:53 AM,46-55,M
07/02/2007 03:41 AM,36-45,M
07/23/2007 12:12 AM,16-25,M
07/10/2007 04:05 PM,86+,M
07/18/2007 02:54 PM,76-85,M
07/11/2007 08:41 PM,76-85,M
07/24/2007 12:53 PM,76-85,M
07/17/2007 07:40 AM,86+,M
07/08/2007 01:16 PM,76-85,M
07/20/2007 11:39 PM,56-65,M
07/06/2007 10:23 AM,36-45,F
07/12/2007 10:39 AM,46-55,M
07/14/2007 02:39 PM,56-65,M
07/11/2007 12:48 PM,76-85,M
07/06/2007 01:49 AM,86+,M
07/21/2008 10:31 AM,26-35,M
07/23/2008 08:05 PM,26-35,M
07/22/2008 01:37 AM,66-75,F
07/28/2008 12:26 PM,36-45,M
07/18/2008 12:21 AM,46-55,F
07/12/2008 07:18 PM,36-45,M
07/11/2008 04:04 AM,86+,M
07/10/2008 08:51 AM,36-45,M
07/23/2008 04:48 AM,66-75,M
07/03/2008 11:48 PM,26-35,M
07/25/2008 02:25 AM,56-65,M
07/24/2008 10:04 AM,56-65,M
07/15/2008 07:42 PM,26-35,M
07/12/2008 09:58 AM,46-55,M
07/13/2008 06:13 AM,86+,M
07/09/2008 02:48 AM,16-25,M
07/16/2008 11:28 AM,16-25,F
07/25/2008 07:34 PM,86+,M
07/21/2008 12:07 PM,46-55,M
07/06/2008 03:58 PM,36-45,M
07/06/2008 06:12 AM,66-75,M
07/23/2008 02:46 PM,76-85,M
07/07/2008 04:07 AM,36-45,F
07/14/2008 04:55 PM,16-25,F
07/09/2008 08:22 PM,26-35,F
07/08/2008 04:11 PM,76-85,M
07/08/2008 08:10 PM,66-75,M
07/25/2008 04:05 PM,26-35,M
07/06/2008 01:57 PM,26-35,F
07/12/2008 01:15 AM,36-45,M
07/21/2008 08:49 PM,36-45,F
07/01/2008 07:01 PM,76-85,M
07/20/2008 07:51 PM,26-35,F
07/15/2008 11:00 AM,26-35,F
07/12/2008 06:48 PM,56-65,F
07/09/2008 03:41 AM,76-85,M
07/21/2008 01:09 PM,36-45,M
07/08/2008 10:49 AM,76-85,M
07/06/2008 04:57 AM,36-45,M
07/11/2008 10:37 PM,86+,M
07/06/2008 06:11 AM,86+,M
07/11/2008 06:03 AM,86+,M
07/17/2008 05:42 AM,66-75,M
07/28/2008 03:53 PM,86+,M
07/01/2008 07:47 AM,16-25,F
07/19/2008 05:32 AM,46-55,F
07/11/2008 01:26 AM,86+,M
07/02/2008 05:17 PM,66-75,F
07/21/2009 06:36 PM,16-25,F
07/27/2009 01:47 PM,16-25,M
07/26/2009 12:49 AM,46-55,M
07/01/2009 02:32 PM,36-45,M
07/10/2009 08:58 AM,66-75,M
07/13/2009 10:20 AM,36-45,M
07/06/2009 06:25 PM,66-75,M
07/18/2009 12:59 PM,86+,M
07/04/2009 04:51 PM,76-85,M
07/11/2009 09:26 AM,36-45,F
07/26/2009 08:10 AM,76-85,M
07/20/2009 06:40 PM,76-85,M
07/26/2009 07:46 PM,26-35,M
07/24/2009 02:01 AM,76-85,M
07/21/2009 12:58 AM,66-75,M
07/04/2009 03:30 AM,76-85,M
07/19/2009 05:04 PM,36-45,F
07/26/2009 05:04 AM,66-75,F
07/20/2009 01:16 PM,16-25,M
07/15/2009 12:27 AM,76-85,M
07/22/2009 03:20 PM,86+,F
07/16/2009 04:12 AM,66-75,M
07/18/2009 03:00 PM,16-25,M
07/18/2009 03:17 PM,86+,F
07/18/2009 01:48 AM,36-45,F
07/12/2009 12:00 AM,16-25,M
07/04/2009 04:20 PM,76-85,F
07/22/2009 05:07 PM,26-35,M
07/23/2009 08:24 AM,66-75,F
07/05/2009 12:31 AM,36-45,M
07/18/2009 05:22 PM,66-75,F
07/10/2009 09:42 AM,46-55,M
07/27/2009 11:51 PM,86+,F
07/02/2009 06:08 PM,46-55,F
07/28/2009 02:05 PM,36-45,F
07/09/2009 01:05 PM,86+,F
07/04/2009 08:19 AM,16-25,M
07/17/2009 04:50 PM,66-75,F
07/19/2009 07:04 AM,76-85,M
07/11/2009 06:37 AM,66-75,M
07/21/2009 08:17 AM,86+,M
07/16/2009 08:48 AM,86+,F
07/10/2009 11:02 AM,86+,M
07/04/2009 10:11 AM,36-45,M
07/15/2009 08:01 PM,76-85,M
07/24/2009 10:02 PM,46-55,M
07/25/2009 07:04 PM,56-65,M
07/12/2009 06:49 AM,76-85,F
07/17/2009 06:46 AM,76-85,F
07/05/2009 12:38 AM,86+,M
07/27/2010 05:08 PM,36-45,M
07/03/2010 06:18 AM,26-35,M
07/07/2010 01:47 AM,36-45,M
07/10/2010 02:32 PM,26-35,M
07/06/2010 04:59 AM,86+,M
07/01/2010 09:22 AM,66-75,M
07/20/2010 10:56 PM,86+,F
07/10/2010 08:14 PM,56-65,F
07/24/2010 01:54 PM,76-85,M
07/17/2010 01:16 AM,86+,M
07/20/2010 05:56 PM,36-45,M
07/06/2010 02:55 AM,16-25,M
07/27/2010 04:16 AM,16-25,M
07/17/2010 04:02 PM,86+,M
07/12/2010 01:01 AM,56-65,M
07/17/2010 03:12 AM,66-75,M
07/24/2010 09:43 AM,16-25,M
07/19/2010 07:47 PM,46-55,F
07/09/2010 02:45 PM,66-75,M
07/23/2010 08:30 AM,26-35,M
07/23/2010 06:38 AM,76-85,M
07/26/2010 06:40 PM,66-75,M
07/08/2010 06:25 AM,66-75,M
07/26/2010 09:31 AM,76-85,M
07/20/2010 03:53 PM,46-55,M
07/14/2010 05:41 PM,66-75,F
07/10/2010 07:21 AM,76-85,F
07/06/2010 09:08 PM,36-45,M
07/07/2010 12:01 PM,86+,M
07/05/2010 10:31 PM,36-45,M
07/11/2010 09:02 AM,86+,F
07/03/2010 04:24 AM,46-55,M
07/20/2010 11:32 PM,36-45,M
07/27/2010 04:16 PM,26-35,M
07/18/2010 02:38 AM,76-85,M
07/09/2010 12:03 PM,76-85,M
07/16/2010 08:13 AM,36-45,F
07/26/2010 08:39 AM,76-85,M
07/27/2010 07:50 AM,76-85,M
07/23/2011 05:40 AM,86+,M
07/10/2011 11:10 PM,56-65,M
07/28/2011 07:50 AM,76-85,M
07/04/2011 01:42 PM,26-35,M
07/21/2011 10:33 PM,<16,F
07/15/2011 12:13 AM,86+,M
07/06/2011 07:55 PM,86+,M
07/27/2011 10:05 AM,26-35,M
07/21/2011 03:48 AM,76-85,M
07/28/2011 01:37 PM,16-25,M
07/25/2011 10:19 AM,16-25,M
07/16/2011 07:24 AM,36-45,M
07/06/2011 04:15 PM,66-75,M
07/18/2011 03:08 PM,26-35,M
07/11/2011 06:18 AM,16-25,M
07/21/2011 07:22 PM,16-25,M
07/09/2011 05:33 PM,66-75,F
07/15/2011 05:19 AM,36-45,M
07/03/2011 08:48 AM,86+,M
07/08/2011 03:48 AM,16-25,F
07/01/2011 09:38 PM,66-75,F
07/17/2011 07:10 AM,46-55,F
07/24/2011 11:05 PM,16-25,F
07/23/2011 11:17 AM,56-65,M
07/28/2011 02:01 AM,56-65,F
07/10/2011 08:07 AM,36-45,M
07/06/2011 11:54 PM,36-45,F
07/28/2011 02:36 AM,76-85,M
07/05/2011 04:46 PM,86+,F
07/22/2011 06:53 AM,86+,M
07/20/2011 07:42 AM,86+,M
07/12/2011 12:52 PM,86+,M
07/04/2011 06:23 PM,16-25,M
07/08/2011 07:44 AM,26-35,F
07/03/2011 07:19 PM,56-65,M
07/01/2012 04:48 AM,26-35,M
07/13/2012 04:30 AM,66-75,M
07/25/2012 04:47 PM,16-25,M
07/21/2012 10:52 AM,56-65,F
07/04/2012 09:47 PM,16-25,M
07/25/2012 11:35 AM,16-25,M
07/27/2012 07:56 PM,86+,F
07/12/2012 10:43 AM,56-65,F
07/07/2012 08:14 AM,36-45,F
07/01/2012 11:14 PM,16-25,M
07/10/2012 08:14 PM,76-85,F
07/02/2012 06:12 AM,86+,M
07/02/2012 11:48 PM,36-45,M
07/22/2012 03:11 PM,46-55,M
07/22/2012 02:45 PM,56-65,F
07/26/2012 05:45 AM,76-85,M
07/23/2012 12:01 PM,16-25,F
07/09/2012 11:20 AM,46-55,M
07/08/2012 12:23 PM,76-85,M
07/13/2012 06:50 AM,86+,M
07/02/2012 09:46 AM,16-25,M
07/28/2012 07:05 PM,<16,M
07/07/2012 09:17 AM,26-35,M
07/21/2012 04:16 PM,16-25,M
07/20/2012 01:45 AM,26-35,M
07/27/2012 04:05 PM,76-85,M
07/24/2012 07:01 PM,66-75,M
07/08/2012 10:38 AM,56-65,M
07/02/2012 01:47 AM,56-65,M
07/11/2012 01:55 PM,26-35,F
07/04/2012 04:32 AM,16-25,F
07/04/2012 01:56 AM,36-45,M
07/15/2013 09:04 AM,76-85,M
07/13/2013 04:49 AM,26-35,M
07/22/2013 04:38 AM,26-35,M
07/27/2013 09:33 AM,86+,M
07/17/2013 03:44 AM,26-35,F
07/06/2013 08:31 AM,46-55,M
07/17/2013 02:54 AM,26-35,M
07/09/2013 02:56 PM,86+,M
07/01/2013 05:27 PM,86+,M
07/11/2013 02:58 PM,26-35,M
07/24/2013 05:36 AM,66-75,F
07/17/2013 03:48 AM,16-25,M
07/28/2013 03:16 PM,16-25,M
07/03/2013 07:08 PM,46-55,M
07/02/2013 04:45 PM,76-85,F
07/24/2013 10:52 PM,56-65,M
07/03/2013 10:55 AM,56-65,M
07/18/2013 06:22 PM,66-75,M
07/25/2013 02:22 PM,76-85,F
07/11/2013 06:12 PM,26-35,F
07/10/2013 04:09 AM,86+,M
07/07/2013 12:54 AM,36-45,M
07/11/2014 04:42 AM,26-35,M
07/28/2014 10:50 PM,16-25,M
07/06/2014 08:26 AM,26-35,M
07/10/2014 09:45 PM,56-65,F
07/06/2014 04:00 AM,36-45,M
07/11/2014 09:08 AM,86+,M
07/28/2014 12:36 PM,36-45,M
07/22/2014 05:27 PM,66-75,M
07/23/2014 04:34 AM,56-65,F
07/20/2014 06:29 PM,16-25,M
07/07/2014 05:06 AM,56-65,M
07/26/2014 07:05 PM,86+,M
07/23/2014 10:54 AM,56-65,M
07/23/2014 01:26 PM,76-85,M
07/28/2014 07:09 AM,76-85,M
07/04/2014 09:38 AM,46-55,F
07/24/2014 03:44 PM,66-75,M
07/07/2014 07:54 AM,26-35,M
07/08/2014 12:00 PM,86+,F
07/07/2014 03:43 PM,26-35,M
07/03/2014 07:24 AM,16-25,F
07/04/2014 08:13 PM,<16,M
07/08/2014 04:08 PM,16-25,M
07/01/2014 02:06 AM,66-75,M
07/03/2014 05:36 AM,46-55,M
07/25/2014 06:49 PM,76-85,M
07/27/2015 07:05 AM,86+,M
07/13/2015 08:20 PM,<16,M
07/20/2015 02:30 AM,76-85,M
07/24/2015 06:08 PM,26-35,M
07/18/2015 01:41 AM,16-25,M
07/01/2015 05:29 AM,66-75,M
07/23/2015 08:33 PM,76-85,M
07/26/2015 04:57 AM,46-55,F
07/27/2015 01:14 PM,36-45,M
07/26/2015 09:27 PM,76-85,M
07/14/2015 08:14 AM,76-85,M
07/23/2015 01:53 AM,86+,M
07/16/2015 04:42 AM,66-75,M
07/06/2015 11:27 PM,16-25,M
07/28/2015 05:47 AM,76-85,M
07/15/2015 03:56 AM,<16,F
07/14/2015 01:08 PM,86+,M
07/17/2015 07:52 PM,56-65,F
07/27/2015 07:45 PM,66-75,M
07/28/2015 09:35 AM,86+,M
07/16/2015 09:13 AM,56-65,M
07/05/2015 07:08 AM,86+,M
07/15/2015 07:38 AM,86+,F
07/13/2015 08:07 PM,86+,M
07/18/2015 07:36 PM,86+,M
07/04/2015 11:23 PM,86+,M
07/13/2015 08:56 PM,26-35,M
07/28/2015 07:14 AM,56-65,M
07/09/2015 03:25 PM,56-65,M
07/23/2015 04:38 AM,26-35,M
07/22/2015 02:59 PM,86+,F
07/28/2015 03:09 AM,46-55,M
07/25/2016 09:46 AM,86+,M
07/14/2016 11:22 AM,26-35,M
07/06/2016 05:11 PM,16-25,M
07/24/2016 12:25 PM,76-85,M
07/22/2016 12:04 PM,16-25,M
07/21/2016 12:34 PM,76-85,M
07/11/2016 02:44 PM,16-25,F
07/02/2016 02:32 PM,56-65,M
07/02/2016 10:57 AM,86+,M
07/27/2016 08:44 AM,76-85,F
07/20/2016 12:57 PM,36-45,F
07/12/2016 05:34 AM,66-75,F
07/26/2016 01:53 PM,16-25,M
07/28/2016 04:48 PM,16-25,F
07/06/2016 08:59 PM,76-85,M
07/13/2016 10:52 PM,16-25,M
07/28/2016 04:22 AM,56-65,M
07/16/2016 07:20 AM,86+,M
07/22/2016 11:23 AM,36-45,F
07/18/2016 04:24 PM,66-75,M
07/13/2016 01:14 AM,86+,M
07/27/2016 10:54 PM,<16,M
07/23/2016 09:11 AM,26-35,M
07/18/2016 12:12 PM,76-85,M
07/16/2016 06:36 AM,16-25,M
07/03/2016 03:45 AM,86+,M
07/05/2016 02:19 PM,56-65,F
07/27/2016 10:26 PM,76-85,M
07/22/2016 07:04 PM,36-45,M
07/09/2016 07:27 AM,16-25,M
08/13/2007 09:33 AM,16-25,F
08/16/2007 10:38 AM,36-45,M
08/13/2007 11:47 AM,36-45,M
08/19/2007 03:06 AM,16-25,M
08/06/2007 01:46 PM,36-45,M
08/28/2007 08:26 PM,66-75,M
08/07/2007 02:47 PM,36-45,M
08/21/2007 12:20 PM,26-35,M
08/06/2007 06:21 AM,86+,M
08/23/2007 07:55 PM,66-75,M
08/24/2007 12:25 AM,76-85,M
08/08/2007 03:02 PM,26-35,M
08/19/2007 09:29 PM,76-85,F
08/16/2007 01:27 AM,86+,M
08/07/2007 01:32 AM,16-25,F
08/04/2007 02:07 PM,86+,M
08/21/2007 08:39 AM,46-55,M
08/26/2007 07:11 AM,76-85,M
08/21/2007 05:47 PM,76-85,M
08/13/2007 02:42 PM,66-75,M
08/11/2007 05:42 PM,86+,M
08/09/2007 10:02 PM,86+,F
08/24/2007 12:12 PM,46-55,F
08/24/2007 05:25 AM,46-55,M
08/12/2007 10:29 AM,16-25,F
08/09/2007 06:05 PM,56-65,M
08/16/2007 02:53 PM,16-25,F
08/05/2007 09:13 PM,46-55,M
08/14/2007 09:01 AM,76-85,M
08/11/2007 12:49 AM,26-35,F
08/15/2007 10:17 AM,16-25,M
08/22/2007 08:31 PM,76-85,M
08/27/2007 03:07 AM,16-25,M
08/09/2007 12:04 PM,76-85,F
08/12/2007 01:56 AM,66-75,M
08/15/2007 01:12 PM,46-55,M
08/12/2008 06:34 PM,76-85,M
08/19/2008 06:44 PM,26-35,F
08/08/2008 08:47 PM,86+,M
08/21/2008 01:18 PM,16-25,M
08/15/2008 11:01 PM,46-55,M
08/18/2008 01:23 AM,76-85,M
08/19/2008 04:47 PM,86+,M
08/05/2008 05:25 PM,16-25,M
08/18/2008 08:49 AM,36-45,F
08/17/2008 12:20 AM,86+,F
08/11/2008 01:50 PM,36-45,M
08/16/2008 01:47 PM,76-85,F
08/15/2008 01:10 AM,86+,M
08/10/2008 09:44 AM,26-35,F
08/02/2008 05:41 PM,86+,F
08/07/2008 05:28 AM,76-85,F
08/01/2008 11:19 AM,56-65,M
08/24/2008 03:23 PM,36-45,M
08/11/2008 04:18 PM,36-45,M
08/24/2008 02:57 PM,76-85,M
08/07/2008 01:38 PM,86+,F
08/05/2008 04:19 PM,26-35,M
08/24/2008 03:07 AM,76-85,M
08/10/2008 03:57 PM,76-85,F
08/02/2008 01:03 AM,86+,F
08/09/2008 12:03 AM,56-65,M
08/07/2008 01:40 AM,16-25,M
08/26/2008 06:54 AM,76-85,F
08/25/2008 11:34 PM,66-75,F
08/06/2008 06:52 AM,66-75,M
08/01/2008 01:34 PM,36-45,M
08/17/2008 10:11 PM,56-65,M
08/18/2008 02:40 AM,76-85,M
08/11/2008 05:09 PM,16-25,M
08/02/2008 05:33 AM,76-85,M
08/07/2008 04:39 PM,26-35,M
08/24/2008 01:54 PM,76-85,F
08/26/2009 05:21 PM,36-45,F
08/04/2009 01:33 AM,46-55,F
08/17/2009 02:14 AM,76-85,M
08/03/2009 09:35 AM,86+,M
08/27/2009 05:28 PM,66-75,M
08/13/2009 02:00 PM,86+,F
08/08/2009 10:57 PM,36-45,M
08/05/2009 06:54 PM,16-25,M
08/10/2009 11:54 AM,56-65,M
08/11/2009 09:29 AM,76-85,M
08/19/2009 12:59 AM,46-55,F
08/23/2009 01:27 AM,<16,M
08/23/2009 11:17 PM,26-35,M
08/24/2009 10:56 AM,26-35,M
08/02/2009 04:16 AM,86+,F
08/18/2009 02:04 AM,46-55,F
08/17/2009 12:50 AM,86+,M
08/28/2009 03:47 AM,66-75,F
08/13/2009 07:28 PM,16-25,M
08/11/2009 05:03 PM,76-85,M
08/05/2009 10:52 PM,56-65,F
08/06/2009 08:33 AM,76-85,M
08/18/2009 12:27 PM,86+,M
08/05/2009 10:06 PM,26-35,M
08/24/2009 09:00 PM,86+,F
08/16/2009 12:27 PM,26-35,M
08/24/2009 11:39 AM,26-35,F
08/02/2009 12:51 PM,86+,M
08/06/2009 11:34 AM,76-85,M
08/06/2009 07:54 AM,26-35,M
08/26/2009 08:39 AM,76-85,M
08/01/2009 02:35 PM,16-25,M
08/03/2009 07:47 AM,86+,F
08/21/2009 04:12 PM,46-55,F
08/27/2009 02:51 PM,76-85,M
08/27/2009 05:22 AM,16-25,M
08/10/2010 02:33 AM,76-85,M
08/04/2010 11:29 PM,76-85,F
08/20/2010 08:51 AM,36-45,M
08/23/2010 09:17 AM,86+,F
08/18/2010 09:14 PM,76-85,M
08/24/2010 06:21 PM,86+,M
08/17/2010 11:41 PM,16-25,F
08/12/2010 11:15 PM,26-35,M
08/16/2010 10:09 AM,76-85,F
08/20/2010 09:09 AM,16-25,M
08/04/2010 08:28 PM,16-25,M
08/12/2010 07:37 AM,76-85,M
08/08/2010 12:22 PM,56-65,F
08/25/2010 11:07 PM,26-35,M
08/23/2010 05:39 AM,86+,M
08/24/2010 11:53 PM,36-45,M
08/27/2010 02:57 PM,16-25,F
08/10/2010 08:32 PM,76-85,M
08/09/2010 11:55 AM,86+,M
08/09/2010 05:08 AM,76-85,F
08/02/2010 06:29 PM,16-25,F
08/26/2010 05:02 PM,16-25,M
08/05/2010 07:48 AM,76-85,F
08/17/2010 09:37 AM,86+,M
08/09/2010 12:05 AM,86+,M
08/05/2010 11:19 AM,76-85,M
08/05/2010 11:59 AM,76-85,M
08/25/2010 04:37 PM,76-85,M
08/05/2010 04:44 AM,86+,M
08/20/2010 03:09 AM,56-65,M
08/26/2010 07:25 AM,76-85,M
08/09/2010 09:47 AM,26-35,M
08/13/2010 10:37 AM,16-25,F
08/17/2010 02:22 AM,76-85,M
08/13/2010 03:49 PM,16-25,M
08/19/2010 11:50 PM,86+,M
08/27/2010 02:08 AM,76-85,F
08/15/2010 06:29 PM,66-75,M
08/09/2010 05:36 AM,76-85,F
08/25/2010 06:43 AM,36-45,M
08/04/2011 04:17 AM,66-75,M
08/10/2011 01:11 PM,66-75,F
08/13/2011 07:53 PM,56-65,F
08/07/2011 02:10 PM,66-75,M
08/17/2011 01:13 PM,86+,F
08/27/2011 08:43 AM,56-65,M
08/08/2011 11:11 PM,86+,M
08/11/2011 12:14 PM,76-85,M
08/25/2011 10:02 PM,86+,M
08/27/2011 05:31 AM,26-35,M
08/11/2011 07:24 PM,76-85,M
08/03/2011 12:01 AM,36-45,F
08/16/2011 10:24 AM,76-85,M
08/16/2011 09:43 PM,66-75,M
08/22/2011 07:06 PM,86+,M
08/18/2011 12:22 AM,76-85,M
08/06/2011 12:44 PM,76-85,M
08/24/2011 12:33 PM,76-85,F
08/15/2011 05:31 AM,26-35,F
08/07/2011 05:08 PM,66-75,M
08/18/2011 12:00 AM,26-35,M
08/28/2011 10:53 AM,76-85,F
08/27/2011 03:32 PM,76-85,M
08/02/2011 08:06 AM,36-45,M
08/21/2011 02:55 PM,36-45,M
08/09/2011 05:52 AM,86+,M
08/05/2011 02:46 AM,36-45,F
08/17/2011 05:42 PM,86+,M
08/14/2011 08:12 PM,86+,M
08/15/2011 11:06 AM,56-65,M
08/26/2011 05:12 PM,46-55,M
08/03/2011 01:19 PM,16-25,F
08/16/2011 01:30 PM,86+,M
08/07/2011 09:24 PM,26-35,F
08/04/2011 11:22 PM,46-55,F
08/27/2011 07:49 PM,86+,M
08/17/2011 09:23 AM,46-55,M
08/10/2011 07:53 PM,46-55,M
08/14/2011 10:19 AM,16-25,M
08/02/2011 06:37 AM,86+,M
08/05/2011 04:44 AM,76-85,M
08/28/2011 05:28 AM,66-75,M
08/15/2011 07:50 PM,36-45,M
08/11/2011 11:46 PM,86+,M
08/20/2012 05:49 AM,76-85,M
08/02/2012 01:14 AM,16-25,M
08/08/2012 11:54 PM,76-85,M
08/26/2012 07:33 PM,86+,M
08/13/2012 06:59 AM,66-75,F
08/28/2012 10:32 PM,16-25,M
08/03/2012 08:03 AM,16-25,M
08/09/2012 05:32 PM,16-25,M
08/12/2012 04:51 PM,<16,M
08/05/2012 09:11 PM,86+,M
08/11/2012 08:18 AM,16-25,M
08/18/2012 03:32 AM,86+,M
08/13/2012 09:50 AM,56-65,M
08/02/2012 11:49 AM,86+,M
08/10/2012 04:19 PM,16-25,M
08/07/2012 12:08 AM,66-75,F
08/23/2012 09:14 PM,46-55,M
08/26/2012 11:00 AM,16-25,M
08/08/2012 07:22 PM,86+,F
08/03/2012 02:58 AM,76-85,M
08/01/2012 10:26 PM,56-65,M
08/15/2012 11:46 AM,16-25,F
08/23/2012 07:19 PM,16-25,F
08/03/2012 11:54 PM,76-85,M
08/18/2012 10:43 PM,36-45,F
08/20/2012 07:00 AM,46-55,M
08/15/2012 11:49 AM,16-25,M
08/10/2012 01:25 PM,66-75,M
08/13/2012 06:01 PM,46-55,F
08/18/2012 07:00 PM,46-55,F
08/24/2012 12:24 PM,16-25,M
08/12/2012 09:20 AM,36-45,M
08/06/2013 02:56 AM,86+,F
08/16/2013 12:41 AM,86+,M
08/23/2013 08:06 AM,26-35,F
08/08/2013 07:41 AM,86+,F
08/17/2013 04:48 PM,56-65,M
08/27/2013 09:40 PM,76-85,F
08/08/2013 07:29 PM,76-85,M
08/09/2013 05:12 AM,56-65,M
08/16/2013 03:14 PM,56-65,F
08/21/2013 01:53 PM,36-45,M
08/13/2013 03:17 AM,66-75,M
08/21/2013 08:38 AM,76-85,M
08/15/2013 12:38 PM,16-25,M
08/19/2013 02:06 PM,16-25,M
08/02/2013 10:35 AM,26-35,M
08/01/2013 04:28 AM,76-85,M
08/07/2013 10:53 AM,26-35,M
08/23/2013 05:34 AM,46-55,M
08/02/2013 07:23 AM,46-55,M
08/16/2013 11:46 AM,76-85,M
08/08/2013 11:10 PM,16-25,M
08/13/2013 08:37 PM,16-25,M
08/09/2013 04:43 AM,86+,F
08/07/2013 09:00 AM,76-85,M
08/05/2013 06:23 PM,16-25,F
08/24/2013 04:25 PM,16-25,F
08/27/2013 03:48 PM,56-65,F
08/08/2014 04:01 PM,66-75,M
08/13/2014 08:02 AM,46-55,F
08/05/2014 10:14 PM,36-45,F
08/28/2014 10:39 PM,26-35,F
08/12/2014 04:27 PM,56-65,M
08/20/2014 06:38 PM,36-45,M
08/22/2014 03:35 AM,56-65,F
08/18/2014 08:31 AM,36-45,M
08/03/2014 10:41 PM,66-75,F
08/07/2014 07:28 PM,56-65,F
08/09/2014 04:11 AM,46-55,M
08/10/2014 11:25 PM,66-75,F
08/13/2014 11:55 PM,36-45,F
08/06/2014 06:49 PM,16-25,M
08/22/2014 06:56 AM,26-35,F
08/03/2014 11:18 PM,86+,M
08/26/2014 12:28 AM,56-65,F
08/13/2014 10:46 PM,26-35,M
08/09/2014 04:53 AM,76-85,M
08/22/2014 08:41 AM,86+,M
08/02/2014 06:42 AM,86+,F
08/12/2014 10:34 PM,46-55,M
08/13/2014 09:24 AM,86+,M
08/26/2014 11:42 PM,86+,F
08/24/2014 11:59 AM,46-55,F
08/02/2014 10:21 PM,26-35,M
08/15/2014 06:23 PM,66-75,F
08/16/2014 08:41 PM,56-65,M
08/23/2014 03:06 PM,76-85,M
08/01/2014 10:54 AM,86+,M
08/07/2014 06:06 AM,66-75,M
08/19/2015 09:14 AM,56-65,M
08/27/2015 11:28 PM,46-55,M
08/13/2015 04:45 AM,46-55,M
08/24/2015 08:18 PM,16-25,F
08/04/2015 09:25 AM,36-45,M
08/09/2015 11:36 AM,76-85,M
08/05/2015 08:32 PM,36-45,M
08/01/2015 08:23 PM,26-35,F
08/25/2015 06:57 PM,16-25,F
08/18/2015 06:04 AM,66-75,F
08/14/2015 09:52 PM,76-85,M
08/28/2015 04:29 AM,86+,M
08/18/2015 12:55 AM,86+,M
08/28/2015 09:27 PM,76-85,M
08/23/2015 03:02 AM,16-25,F
08/08/2015 08:37 AM,16-25,M
08/27/2015 09:24 PM,26-35,M
08/24/2015 03:18 PM,66-75,M
08/02/2015 06:30 AM,86+,M
08/20/2015 07:52 PM,36-45,M
08/09/2015 05:20 PM,56-65,M
08/15/2015 12:33 AM,86+,M
08/01/2015 10:05 PM,86+,M
08/25/2015 06:01 PM,36-45,M
08/03/2015 11:02 PM,16-25,M
08/06/2015 12:01 AM,16-25,M
08/28/2015 01:23 AM,56-65,M
08/06/2015 05:28 PM,76-85,M
08/23/2015 05:27 PM,16-25,F
08/21/2016 06:46 AM,86+,M
08/07/2016 02:44 PM,76-85,F
08/08/2016 07:25 PM,66-75,F
08/02/2016 03:55 AM,16-25,M
08/21/2016 12:18 AM,16-25,M
08/27/2016 07:42 AM,66-75,M
08/10/2016 02:48 PM,16-25,F
08/07/2016 10:12 PM,36-45,F
08/22/2016 10:17 PM,76-85,M
08/26/2016 12:08 PM,36-45,F
08/03/2016 11:06 AM,76-85,M
08/14/2016 05:25 PM,76-85,M
08/24/2016 05:48 AM,76-85,M
08/18/2016 02:56 AM,36-45,M
08/26/2016 12:11 AM,16-25,M
08/02/2016 05:11 AM,76-85,F
08/06/2016 07:18 PM,86+,M
08/02/2016 02:55 AM,36-45,M
08/03/2016 06:28 AM,36-45,M
08/25/2016 09:42 AM,36-45,F
08/25/2016 06:43 PM,16-25,M
08/22/2016 12:43 PM,36-45,F
08/10/2016 07:07 AM,86+,M
08/04/2016 12:07 PM,16-25,M
08/20/2016 06:02 AM,86+,M
08/28/2016 10:53 AM,16-25,M
08/20/2016 01:06 AM,66-75,M
08/11/2016 03:06 PM,86+,M
08/27/2016 07:15 PM,56-65,M
08/10/2016 01:12 PM,86+,M
08/05/2016 08:33 AM,56-65,M
08/11/2016 08:01 AM,26-35,M
08/15/2016 11:45 PM,66-75,F
08/27/2016 01:57 AM,66-75,M
09/05/2007 11:02 AM,36-45,M
09/25/2007 06:01 PM,16-25,M
09/06/2007 02:20 PM,46-55,F
09/05/2007 07:23 AM,16-25,M
09/23/2007 03:31 PM,56-65,M
09/05/2007 09:06 AM,86+,M
09/15/2007 02:25 AM,56-65,F
09/10/2007 02:29 AM,86+,F
09/13/2007 07:05 AM,66-75,M
09/10/2007 11:55 AM,66-75,M
09/06/2007 06:25 AM,16-25,F
09/11/2007 11:36 AM,36-45,M
09/08/2007 03:52 AM,46-55,F
09/13/2007 07:25 AM,46-55,M
09/22/2007 12:49 PM,86+,M
09/08/2007 11:16 PM,76-85,M
09/05/2007 10:07 PM,66-75,F
09/07/2007 07:24 AM,86+,F
09/25/2007 12:16 PM,46-55,M
09/15/2007 05:26 PM,26-35,F
09/02/2007 10:12 AM,86+,M
09/26/2007 09:47 AM,16-25,M
09/07/2007 03:27 PM,46-55,F
09/10/2007 12:54 AM,86+,M
09/01/2007 01:37 PM,86+,M
09/08/2007 11:46 AM,86+,M
09/28/2007 01:14 AM,56-65,F
09/01/2007 08:59 PM,16-25,M
09/28/2007 04:48 PM,16-25,F
09/10/2008 11:46 PM,76-85,M
09/18/2008 07:34 PM,76-85,M
09/19/2008 03:38 AM,76-85,M
09/05/2008 05:58 AM,76-85,F
09/17/2008 02:20 PM,86+,M
09/23/2008 01:12 PM,36-45,F
09/02/2008 12:17 AM,16-25,M
09/25/2008 06:49 AM,16-25,M
09/01/2008 11:20 PM,16-25,F
09/26/2008 04:16 AM,86+,F
09/25/2008 02:52 AM,46-55,F
09/05/2008 12:03 AM,26-35,M
09/23/2008 07:00 AM,76-85,M
09/17/2008 03:14 PM,56-65,M
09/23/2008 02:43 AM,86+,M
09/22/2008 07:25 AM,46-55,F
09/03/2008 07:25 AM,86+,M
09/12/2008 03:39 AM,76-85,F
09/14/2008 08:25 PM,56-65,M
09/03/2008 02:46 AM,<16,M
09/25/2008 06:59 PM,56-65,M
09/15/2008 08:09 AM,76-85,M
09/20/2008 03:33 PM,46-55,F
09/02/2008 08:37 AM,36-45,M
09/10/2008 09:46 PM,46-55,M
09/12/2008 02:12 PM,26-35,F
09/25/2008 01:46 AM,16-25,F
09/22/2008 07:10 PM,56-65,M
09/13/2008 06:23 PM,16-25,M
09/25/2008 11:14 PM,76-85,M
09/26/2008 08:12 PM,16-25,M
09/18/2008 08:17 AM,76-85,M
09/10/2008 05:31 PM,66-75,M
09/02/2008 10:09 AM,86+,M
09/09/2008 04:47 AM,36-45,M
09/05/2008 10:01 AM,86+,F
09/02/2008 03:47 AM,76-85,M
09/17/2008 05:00 PM,76-85,M
09/26/2008 10:39 AM,86+,F
09/04/2008 01:13 AM,76-85,M
09/16/2008 02:11 PM,16-25,M
09/17/2008 07:33 PM,76-85,M
09/24/2008 04:53 AM,76-85,F
09/27/2008 11:44 PM,46-55,M
09/14/2008 06:29 PM,76-85,F
09/14/2008 04:12 AM,46-55,M
09/16/2008 10:26 AM,86+,M
09/03/2008 09:28 PM,86+,M
09/15/2008 12:30 PM,26-35,M
09/12/2008 02:07 PM,86+,M
09/24/2009 01:40 PM,26-35,F
09/16/2009 08:15 PM,76-85,M
09/06/2009 02:21 PM,76-85,M
09/19/2009 04:13 AM,46-55,M
09/12/2009 12:27 AM,46-55,M
09/24/2009 03:15 AM,26-35,M
09/19/2009 10:04 PM,86+,M
09/22/2009 05:13 PM,66-75,F
09/24/2009 05:09 AM,<16,M
09/12/2009 10:55 AM,46-55,M
09/10/2009 12:17 AM,46-55,F
09/26/2009 04:13 AM,86+,M
09/05/2009 05:31 AM,16-25,M
09/19/2009 09:21 AM,36-45,M
09/03/2009 08:21 PM,46-55,F
09/02/2009 01:09 PM,36-45,M
09/23/2009 03:03 AM,66-75,F
09/11/2009 04:23 AM,86+,F
09/05/2009 06:20 PM,86+,F
09/14/2009 02:31 AM,86+,F
09/20/2009 09:35 AM,76-85,M
09/02/2009 09:05 PM,<16,M
09/21/2009 04:01 PM,86+,F
09/04/2009 09:24 AM,46-55,F
09/22/2009 01:49 PM,66-75,M
09/16/2009 05:55 PM,76-85,M
09/13/2009 11:10 AM,86+,F
09/26/2009 03:10 PM,86+,F
09/23/2009 04:40 AM,86+,M
09/20/2009 06:11 PM,86+,M
09/05/2009 03:21 AM,86+,M
09/04/2010 09:05 PM,26-35,F
09/11/2010 06:17 PM,<16,M
09/12/2010 12:40 AM,66-75,F
09/08/2010 04:27 AM,16-25,M
09/24/2010 11:30 AM,46-55,M
09/20/2010 11:23 AM,36-45,M
09/24/2010 06:48 PM,16-25,M
09/16/2010 07:21 AM,36-45,M
09/11/2010 05:00 PM,16-25,M
09/28/2010 07:46 PM,76-85,M
09/05/2010 04:35 PM,36-45,M
09/20/2010 12:29 PM,76-85,F
09/21/2010 11:30 AM,66-75,M
09/07/2010 01:16 AM,36-45,F
09/05/2010 09:27 AM,86+,F
09/17/2010 05:24 AM,76-85,M
09/19/2010 01:02 PM,66-75,M
09/18/2010 07:29 PM,26-35,M
09/09/2010 07:59 AM,76-85,F
09/04/2010 11:27 PM,86+,M
09/24/2010 03:52 AM,86+,M
09/06/2010 01:08 AM,36-45,F
09/24/2010 10:26 PM,16-25,M
09/16/2010 08:01 AM,86+,M
09/24/2010 08:54 AM,86+,M
09/05/2010 04:23 PM,86+,M
09/04/2010 05:20 PM,26-35,M
09/22/2010 08:18 PM,86+,M
09/11/2010 04:15 PM,46-55,M
09/02/2010 06:41 AM,36-45,F
09/17/2010 11:42 PM,56-65,M
09/24/2011 04:00 PM,36-45,M
09/25/2011 07:40 AM,16-25,F
09/28/2011 05:44 AM,46-55,M
09/13/2011 08:31 PM,86+,M
09/12/2011 04:28 PM,16-25,M
09/25/2011 11:58 PM,76-85,M
09/22/2011 05:11 AM,86+,M
09/06/2011 10:56 PM,86+,M
09/05/2011 08:31 PM,16-25,F
09/07/2011 10:35 PM,16-25,M
09/26/2011 04:58 AM,76-85,M
09/09/2011 01:24 PM,26-35,F
09/22/2011 02:35 PM,36-45,M
09/15/2011 03:26 PM,86+,M
09/19/2011 03:27 PM,76-85,M
09/01/2011 08:44 PM,86+,F
09/25/2011 03:52 AM,46-55,F
09/21/2011 05:38 AM,86+,M
09/25/2011 08:43 PM,86+,M
09/17/2011 06:02 AM,66-75,F
09/16/2011 11:18 AM,66-75,F
09/05/2011 11:42 AM,16-25,M
09/14/2011 03:47 PM,86+,M
09/17/2011 09:49 AM,86+,F
09/10/2011 01:46 PM,16-25,F
09/03/2011 11:55 PM,86+,M
09/17/2011 02:54 PM,86+,M
09/08/2011 08:06 PM,56-65,M
09/14/2011 12:52 PM,76-85,M
09/08/2011 10:40 AM,66-75,M
09/24/2011 10:31 PM,36-45,F
09/28/2011 12:12 AM,66-75,M
09/05/2011 08:03 AM,36-45,F
09/14/2011 01:38 PM,86+,F
09/26/2011 01:52 PM,36-45,F
09/09/2011 01:17 PM,56-65,F
09/05/2011 11:32 AM,76-85,M
09/14/2012 09:22 AM,86+,M
09/13/2012 07:42 AM,46-55,F
09/09/2012 10:56 PM,16-25,M
09/23/2012 08:36 PM,86+,F
09/24/2012 01:25 AM,86+,M
09/08/2012 06:17 PM,16-25,M
09/01/2012 10:14 PM,36-45,M
09/23/2012 01:17 PM,16-25,M
09/04/2012 06:38 PM,86+,F
09/13/2012 10:55 PM,26-35,M
09/12/2012 02:38 AM,16-25,M
09/20/2012 05:18 PM,16-25,F
09/03/2012 11:32 AM,26-35,F
09/25/2012 07:18 AM,66-75,M
09/28/2012 10:26 PM,86+,M
09/14/2012 08:58 PM,86+,M
09/25/2012 01:50 PM,56-65,M
09/24/2012 05:50 AM,36-45,M
09/16/2012 05:32 AM,76-85,F
09/22/2012 07:53 AM,36-45,F
09/21/2012 04:20 PM,16-25,M
09/24/2012 08:06 PM,76-85,M
09/04/2012 06:31 AM,16-25,M
09/01/2012 05:10 PM,76-85,F
09/20/2012 04:03 PM,16-25,F
09/13/2012 07:12 AM,86+,F
09/05/2012 11:21 PM,76-85,M
09/13/2012 10:42 AM,16-25,M
09/13/2012 04:38 AM,36-45,F
09/10/2012 07:09 AM,66-75,M
09/25/2012 05:28 AM,76-85,M
09/10/2012 11:59 AM,76-85,M
09/24/2013 01:34 AM,16-25,F
09/26/2013 09:26 AM,16-25,M
09/09/2013 04:26 PM,76-85,M
09/12/2013 03:58 AM,56-65,M
09/27/2013 03:37 AM,66-75,M
09/28/2013 08:55 AM,16-25,M
09/24/2013 09:59 PM,16-25,F
09/07/2013 03:04 PM,56-65,M
09/08/2013 04:25 AM,86+,M
09/16/2013 08:22 AM,86+,M
09/20/2013 01:55 PM,46-55,F
09/17/2013 10:40 PM,76-85,M
09/05/2013 06:10 PM,46-55,M
09/16/2013 09:53 AM,76-85,M
09/23/2013 03:41 AM,66-75,M
09/02/2013 09:17 AM,66-75,M
09/27/2013 10:12 AM,16-25,F
09/05/2013 09:25 PM,16-25,M
09/13/2013 03:59 AM,86+,M
09/07/2013 08:10 AM,36-45,M
09/15/2013 04:04 AM,46-55,F
09/01/2013 05:25 PM,86+,F
09/05/2013 11:44 PM,86+,M
09/22/2013 12:45 AM,76-85,M
09/22/2013 06:32 AM,86+,F
09/05/2013 01:24 AM,46-55,F
09/08/2013 06:33 AM,86+,F
09/18/2013 01:43 AM,46-55,M
09/25/2014 01:39 PM,66-75,F
09/23/2014 11:29 AM,26-35,M
09/16/2014 12:55 AM,16-25,M
09/17/2014 11:43 AM,56-65,M
09/19/2014 04:16 PM,16-25,F
09/03/2014 09:16 PM,76-85,M
09/23/2014 01:38 PM,<16,M
09/19/2014 11:13 PM,76-85,F
09/16/2014 08:02 PM,86+,M
09/02/2014 06:44 AM,26-35,F
09/23/2014 11:22 PM,76-85,F
09/17/2014 05:43 PM,16-25,F
09/13/2014 06:23 AM,26-35,M
09/28/2014 07:14 PM,66-75,F
09/20/2014 03:13 AM,76-85,F
09/03/2014 11:31 PM,86+,M
09/18/2014 08:10 PM,66-75,M
09/14/2014 07:17 AM,76-85,F
09/04/2014 10:06 PM,46-55,M
09/04/2014 04:18 AM,86+,M
09/23/2014 04:45 AM,36-45,F
09/18/2014 11:52 AM,36-45,M
09/19/2014 06:36 PM,86+,F
09/12/2014 05:08 AM,86+,M
09/03/2014 04:13 AM,66-75,F
09/17/2014 01:15 AM,66-75,F
09/20/2014 01:34 PM,16-25,M
09/01/2014 11:00 AM,76-85,F
09/05/2014 04:35 AM,86+,F
09/07/2014 08:36 AM,26-35,F
09/09/2014 09:47 AM,36-45,M
09/11/2014 10:32 PM,76-85,F
09/24/2014 11:12 AM,46-55,M
09/06/2014 08:29 AM,16-25,M
09/21/2014 01:34 PM,36-45,M
09/14/2014 01:51 AM,46-55,M
09/11/2014 08:12 AM,76-85,M
09/26/2014 03:23 AM,76-85,M
09/22/2015 11:41 PM,26-35,M
09/02/2015 02:51 PM,66-75,M
09/24/2015 06:51 AM,36-45,F
09/13/2015 08:02 AM,36-45,F
09/01/2015 10:39 PM,16-25,M
09/21/2015 04:13 AM,56-65,F
09/09/2015 03:30 AM,16-25,M
09/09/2015 10:52 PM,76-85,M
09/07/2015 09:59 PM,76-85,M
09/21/2015 05:14 AM,56-65,M
09/19/2015 04:36 PM,36-45,M
09/08/2015 02:47 AM,16-25,M
09/20/2015 07:10 PM,16-25,F
09/26/2015 05:55 PM,36-45,M
09/02/2015 11:32 AM,26-35,M
09/28/2015 08:22 PM,46-55,F
09/12/2015 03:03 PM,56-65,F
09/22/2015 01:54 PM,46-55,M
09/12/2015 01:44 AM,76-85,M
09/02/2015 02:32 PM,76-85,M
09/26/2015 11:35 PM,76-85,M
09/17/2015 08:02 PM,76-85,M
09/09/2015 10:47 PM,86+,M
09/05/2015 08:55 PM,26-35,M
09/05/2015 04:08 PM,26-35,M
09/21/2015 03:45 AM,86+,M
09/28/2015 05:44 AM,66-75,M
09/28/2015 09:15 AM,86+,F
09/22/2015 04:04 PM,36-45,M
09/24/2015 06:53 PM,36-45,M
09/27/2015 01:32 AM,16-25,M
09/02/2015 03:35 PM,16-25,M
09/05/2015 08:26 AM,66-75,F
09/26/2015 09:56 AM,66-75,M
09/15/2015 08:34 AM,86+,M
09/10/2015 06:48 PM,86+,M
09/10/2016 12:27 PM,86+,M
09/02/2016 01:57 PM,26-35,F
09/06/2016 01:50 PM,76-85,M
09/08/2016 06:25 AM,46-55,F
09/01/2016 06:53 PM,86+,F
09/23/2016 02:03 AM,46-55,F
09/21/2016 09:04 AM,16-25,M
09/23/2016 07:07 PM,76-85,M
09/24/2016 12:12 PM,16-25,F
09/15/2016 07:17 AM,16-25,M
09/22/2016 10:19 PM,26-35,M
09/02/2016 11:27 AM,26-35,M
09/20/2016 11:02 AM,16-25,M
09/21/2016 12:34 PM,36-45,F
09/08/2016 03:19 AM,86+,F
09/20/2016 07:26 AM,36-45,F
09/24/2016 12:16 PM,86+,M
09/14/2016 07:49 PM,16-25,M
09/13/2016 12:53 PM,86+,F
09/23/2016 03:39 PM,36-45,M
09/25/2016 11:35 PM,86+,M
09/08/2016 12:42 PM,86+,M
09/03/2016 08:01 AM,66-75,M
09/24/2016 11:17 AM,16-25,M
09/14/2016 06:37 AM,86+,M
09/22/2016 12:35 PM,66-75,M
09/02/2016 01:57 PM,16-25,M
09/01/2016 12:27 PM,66-75,M
09/14/2016 09:02 PM,66-75,M
09/14/2016 06:01 AM,86+,M
10/07/2007 04:51 PM,16-25,M
10/06/2007 11:24 PM,86+,F
10/18/2007 12:50 PM,26-35,F
10/12/2007 02:41 PM,36-45,M
10/03/2007 11:53 PM,76-85,M
10/17/2007 07:36 PM,56-65,M
10/20/2007 08:25 AM,56-65,M
10/14/2007 06:26 PM,76-85,M
10/21/2007 05:39 PM,36-45,M
10/12/2007 02:17 AM,46-55,M
10/25/2007 08:48 AM,26-35,M
10/26/2007 06:26 PM,76-85,M
10/26/2007 06:10 PM,66-75,M
10/14/2007 02:54 AM,66-75,F
10/20/2007 02:34 PM,86+,M
10/27/2007 12:07 AM,76-85,M
10/25/2007 05:01 PM,46-55,F
10/25/2007 11:14 AM,56-65,F
10/12/2007 05:48 AM,66-75,M
10/15/2007 12:35 AM,46-55,M
10/15/2007 10:24 AM,86+,M
10/08/2007 09:02 AM,36-45,M
10/14/2007 08:57 PM,86+,M
10/09/2007 05:39 AM,36-45,F
10/20/2007 08:36 AM,26-35,F
10/03/2007 07:56 PM,16-25,M
10/15/2007 04:06 AM,86+,M
10/16/2007 03:42 AM,66-75,M
10/24/2007 11:09 PM,26-35,M
10/12/2007 05:51 AM,86+,M
10/16/2007 03:02 AM,46-55,F
10/04/2007 02:23 PM,76-85,F
10/23/2007 10:32 AM,66-75,M
10/04/2007 01:30 PM,86+,M
10/22/2007 10:10 PM,26-35,M
10/14/2007 01:14 AM,86+,F
10/10/2007 12:43 PM,76-85,M
10/16/2007 08:08 AM,86+,M
10/09/2007 10:30 PM,66-75,M
10/01/2007 09:03 PM,66-75,M
10/06/2007 09:40 PM,76-85,M
10/03/2007 02:00 PM,66-75,M
10/19/2007 02:55 PM,86+,M
10/23/2007 01:58 AM,86+,M
10/12/2008 08:33 PM,76-85,M
10/24/2008 12:22 AM,36-45,M
10/11/2008 12:24 AM,46-55,F
10/27/2008 11:04 AM,56-65,F
10/03/2008 10:18 PM,86+,M
10/09/2008 10:40 AM,46-55,M
10/20/2008 11:13 PM,16-25,F
10/11/2008 11:06 AM,26-35,M
10/22/2008 07:47 AM,76-85,F
10/27/2008 10:58 PM,26-35,M
10/16/2008 02:53 AM,46-55,M
10/22/2008 11:32 AM,16-25,F
10/13/2008 06:08 AM,56-65,F
10/10/2008 10:40 AM,66-75,M
10/13/2008 03:16 PM,26-35,M
10/11/2008 11:28 AM,66-75,M
10/25/2008 08:48 AM,76-85,M
10/28/2008 08:01 PM,16-25,M
10/14/2008 09:39 PM,56-65,M
10/04/2008 11:23 PM,46-55,M
10/10/2008 12:25 PM,16-25,M
10/19/2008 01:02 PM,76-85,F
10/09/2008 01:17 AM,56-65,M
10/21/2008 05:27 PM,76-85,M
10/22/2008 11:13 AM,86+,F
10/07/2008 02:04 PM,86+,F
10/20/2008 05:03 PM,76-85,F
10/03/2008 02:11 PM,66-75,F
10/06/2008 12:10 PM,76-85,M
10/05/2008 10:33 PM,36-45,M
10/28/2008 01:56 AM,56-65,M
10/11/2008 10:43 AM,16-25,F
10/12/2008 02:22 AM,46-55,M
10/18/2008 11:25 AM,86+,F
10/22/2008 07:06 PM,26-35,F
10/16/2008 07:28 AM,16-25,M
10/13/2008 04:53 AM,66-75,M
10/20/2008 01:43 AM,36-45,M
10/15/2008 07:18 AM,86+,F
10/03/2009 05:21 AM,56-65,M
10/14/2009 02:02 AM,76-85,F
10/25/2009 08:51 PM,46-55,M
10/12/2009 09:11 PM,66-75,M
10/22/2009 06:10 AM,26-35,M
10/08/2009 04:45 AM,36-45,M
10/20/2009 09:51 PM,26-35,F
10/25/2009 01:07 AM,76-85,M
10/10/2009 04:33 PM,86+,M
10/19/2009 06:54 PM,36-45,M
10/03/2009 11:55 PM,86+,F
10/19/2009 05:42 PM,16-25,M
10/03/2009 08:04 PM,86+,F
10/06/2009 01:06 AM,86+,F
10/11/2009 02:50 PM,26-35,M
10/16/2009 12:11 AM,16-25,M
10/12/2009 07:28 PM,86+,F
10/24/2009 06:28 PM,36-45,M
10/16/2009 12:31 PM,86+,M
10/07/2009 05:33 AM,16-25,M
10/24/2009 11:47 PM,16-25,M
10/14/2009 11:48 AM,76-85,M
10/27/2009 09:41 AM,26-35,M
10/19/2009 07:47 AM,16-25,F
10/28/2009 04:30 AM,36-45,F
10/20/2009 05:05 PM,16-25,F
10/27/2009 09:43 PM,26-35,F
10/09/2009 10:09 AM,36-45,M
10/20/2010 03:37 AM,46-55,M
10/18/2010 04:24 AM,66-75,M
10/19/2010 01:31 AM,36-45,M
10/24/2010 11:13 AM,66-75,F
10/13/2010 07:53 AM,86+,M
10/22/2010 05:36 PM,76-85,M
10/01/2010 04:42 PM,66-75,M
10/09/2010 04:37 PM,46-55,M
10/25/2010 11:29 PM,16-25,M
10/18/2010 06:23 PM,26-35,F
10/06/2010 03:31 PM,76-85,M
10/12/2010 11:34 PM,86+,F
10/09/2010 10:11 AM,86+,M
10/02/2010 06:51 AM,36-45,M
10/09/2010 04:22 AM,46-55,F
10/08/2010 06:37 AM,56-65,M
10/25/2010 05:11 AM,86+,M
10/24/2010 01:22 AM,86+,F
10/20/2010 07:37 AM,26-35,M
10/13/2010 11:41 AM,76-85,M
10/23/2010 04:17 AM,76-85,F
10/16/2010 09:36 AM,76-85,M
10/19/2010 08:18 PM,26-35,M
10/14/2010 04:55 PM,86+,M
10/21/2010 08:10 PM,26-35,F
10/02/2010 02:21 AM,46-55,M
10/20/2010 08:35 PM,86+,M
10/02/2010 10:44 AM,36-45,M
10/08/2010 09:07 AM,66-75,F
10/14/2010 05:13 AM,26-35,M
10/07/2010 10:35 AM,16-25,M
10/20/2010 05:24 AM,76-85,M
10/10/2010 12:27 PM,36-45,M
10/26/2011 03:58 PM,76-85,M
10/08/2011 07:21 PM,16-25,M
10/28/2011 11:17 PM,76-85,F
10/25/2011 05:02 AM,76-85,F
10/15/2011 08:32 AM,66-75,M
10/13/2011 05:31 PM,86+,F
10/22/2011 11:00 AM,<16,M
10/05/2011 02:36 PM,86+,F
10/01/2011 04:25 PM,16-25,M
10/19/2011 07:47 AM,86+,M
10/04/2011 07:02 AM,26-35,M
10/10/2011 09:24 PM,86+,M
10/23/2011 04:46 PM,66-75,F
10/22/2011 09:29 AM,86+,M
10/19/2011 07:14 PM,76-85,M
10/25/2011 02:46 PM,86+,M
10/03/2011 02:38 AM,86+,F
10/17/2011 02:10 PM,46-55,F
10/27/2011 12:53 AM,86+,M
10/21/2011 06:19 PM,46-55,M
10/13/2011 04:18 PM,66-75,F
10/05/2011 05:03 AM,66-75,M
10/20/2011 12:32 AM,86+,M
10/22/2011 08:29 AM,86+,M
10/02/2011 02:49 PM,86+,M
10/19/2011 05:41 PM,76-85,M
10/18/2011 07:47 AM,56-65,M
10/06/2011 08:38 AM,26-35,M
10/09/2011 03:05 PM,76-85,F
10/24/2011 07:54 AM,76-85,F
10/05/2011 01:43 AM,76-85,M
10/25/2011 09:33 PM,76-85,M
10/20/2012 01:01 PM,16-25,M
10/11/2012 01:51 AM,16-25,M
10/25/2012 06:22 PM,26-35,F
10/11/2012 11:07 PM,46-55,M
10/17/2012 02:31 AM,76-85,M
10/21/2012 02:25 PM,76-85,F
10/20/2012 12:57 AM,56-65,M
10/17/2012 04:42 PM,86+,F
10/20/2012 04:24 AM,76-85,M
10/09/2012 08:13 AM,36-45,M
10/26/2012 03:02 PM,66-75,M
10/08/2012 09:33 AM,16-25,M
10/05/2012 06:48 PM,86+,F
10/22/2012 06:27 PM,76-85,F
10/17/2012 09:14 AM,66-75,M
10/25/2012 09:32 AM,56-65,M
10/25/2012 09:40 PM,86+,F
10/25/2012 04:35 PM,16-25,F
10/01/2012 10:20 AM,16-25,M
10/21/2012 11:07 AM,16-25,M
10/18/2012 06:22 PM,76-85,M
10/05/2012 02:55 AM,56-65,M
10/02/2012 01:29 AM,66-75,M
10/19/2012 09:07 PM,16-25,M
10/18/2012 02:11 PM,86+,M
10/24/2012 03:17 PM,76-85,M
10/09/2012 03:45 PM,76-85,M
10/25/2012 07:11 AM,66-75,M
10/17/2012 05:55 PM,76-85,F
10/22/2012 07:14 PM,76-85,F
10/03/2012 12:24 AM,86+,M
10/09/2012 09:35 AM,66-75,M
10/13/2012 06:22 AM,36-45,M
10/18/2012 10:49 AM,46-55,M
10/01/2012 09:03 PM,46-55,F
10/12/2012 05:26 AM,36-45,M
10/01/2013 08:28 PM,16-25,F
10/27/2013 12:51 AM,36-45,M
10/10/2013 07:14 PM,56-65,M
10/06/2013 11:39 AM,86+,M
10/27/2013 07:32 AM,86+,M
10/20/2013 04:49 AM,66-75,F
10/11/2013 09:01 AM,76-85,M
10/01/2013 08:12 PM,66-75,F
10/09/2013 12:29 AM,76-85,M
10/05/2013 06:07 PM,46-55,F
10/17/2013 02:33 PM,26-35,M
10/17/2013 04:18 AM,86+,M
10/09/2013 06:54 AM,16-25,M
10/26/2013 10:28 AM,86+,M
10/07/2013 09:53 PM,86+,M
10/13/2013 09:43 AM,26-35,F
10/24/2013 08:38 AM,76-85,M
10/03/2013 06:46 AM,26-35,M
10/27/2013 08:52 AM,76-85,M
10/12/2013 08:44 AM,56-65,M
10/23/2013 04:17 PM,76-85,M
10/15/2013 02:03 PM,26-35,M
10/19/2013 02:40 AM,16-25,F
10/25/2013 01:41 PM,76-85,F
10/21/2013 12:37 AM,46-55,F
10/28/2013 03:07 PM,56-65,M
10/13/2014 03:31 PM,46-55,M
10/26/2014 04:17 AM,26-35,M
10/12/2014 05:18 AM,76-85,F
10/05/2014 12:09 PM,86+,M
10/11/2014 02:21 PM,36-45,M
10/01/2014 07:59 AM,16-25,M
10/17/2014 10:30 PM,16-25,F
10/17/2014 01:11 PM,56-65,M
10/03/2014 06:52 PM,<16,M
10/02/2014 08:29 PM,36-45,M
10/12/2014 03:56 PM,86+,M
10/27/2014 06:30 PM,16-25,M
10/20/2014 12:15 AM,86+,M
10/04/2014 07:32 PM,86+,F
10/11/2014 06:18 PM,56-65,F
10/13/2014 11:35 AM,16-25,F
10/23/2014 04:29 PM,56-65,F
10/25/2014 07:26 PM,86+,M
10/20/2014 10:18 AM,86+,F
10/25/2014 08:30 PM,16-25,M
10/10/2014 12:37 AM,66-75,M
10/07/2015 02:04 AM,16-25,F
10/03/2015 11:04 AM,46-55,F
10/07/2015 07:23 AM,16-25,M
10/09/2015 05:17 AM,26-35,F
10/27/2015 06:15 AM,66-75,M
10/12/2015 03:09 PM,86+,M
10/12/2015 11:56 PM,76-85,M
10/21/2015 03:15 PM,66-75,F
10/03/2015 06:40 PM,36-45,F
10/19/2015 01:55 PM,86+,M
10/18/2015 07:40 AM,26-35,M
10/02/2015 06:53 PM,86+,F
10/20/2015 02:25 PM,26-35,M
10/02/2015 11:50 AM,46-55,M
10/26/2015 03:29 PM,86+,F
10/17/2015 02:37 PM,86+,M
10/13/2015 11:35 PM,86+,M
10/28/2015 05:27 AM,26-35,F
10/17/2015 01:17 PM,76-85,F
10/25/2015 01:56 AM,86+,F
10/08/2015 04:35 AM,36-45,M
10/15/2015 08:24 PM,16-25,F
10/28/2015 03:39 AM,36-45,M
10/02/2015 08:24 AM,76-85,M
10/05/2015 08:43 AM,26-35,M
10/26/2015 04:17 AM,86+,F
10/21/2015 02:32 AM,36-45,F
10/07/2015 03:42 AM,46-55,F
10/22/2016 10:20 AM,26-35,M
10/01/2016 07:37 PM,86+,M
10/08/2016 01:18 PM,46-55,M
10/09/2016 10:53 AM,76-85,M
10/17/2016 06:02 PM,26-35,F
10/07/2016 04:21 AM,16-25,F
10/20/2016 06:33 AM,46-55,F
10/23/2016 12:43 AM,36-45,M
10/09/2016 07:16 PM,76-85,M
10/27/2016 05:51 AM,86+,M
10/14/2016 10:44 AM,86+,M
10/19/2016 12:40 PM,76-85,F
10/16/2016 11:20 PM,36-45,M
10/04/2016 04:41 PM,26-35,M
10/05/2016 04:19 AM,76-85,M
10/11/2016 02:40 AM,86+,M
10/27/2016 02:42 AM,76-85,M
10/02/2016 12:21 AM,76-85,F
10/15/2016 06:12 AM,86+,M
10/04/2016 10:28 AM,86+,M
10/01/2016 11:13 PM,16-25,F
10/18/2016 03:21 PM,86+,M
10/18/2016 07:04 AM,56-65,M
10/06/2016 08:29 AM,26-35,M
11/13/2007 09:59 AM,86+,F
11/04/2007 01:04 PM,86+,F
11/21/2007 09:42 AM,26-35,F
11/13/2007 05:26 PM,<16,F
11/07/2007 10:25 AM,86+,F
11/12/2007 09:51 AM,86+,F
11/27/2007 06:07 AM,16-25,M
11/07/2007 09:40 PM,76-85,M
11/26/2007 08:34 PM,36-45,F
11/11/2007 11:26 AM,16-25,F
11/11/2007 01:12 PM,46-55,M
11/23/2007 02:51 AM,66-75,M
11/26/2007 12:40 PM,76-85,F
11/25/2007 09:13 PM,76-85,M
11/08/2007 07:00 AM,66-75,F
11/12/2007 08:46 PM,36-45,F
11/26/2007 11:53 PM,76-85,M
11/07/2007 06:22 PM,16-25,M
11/21/2007 02:54 PM,46-55,M
11/15/2007 01:30 AM,86+,M
11/07/2007 01:38 PM,16-25,F
11/12/2007 02:30 PM,86+,F
11/03/2007 04:21 AM,76-85,M
11/19/2007 03:17 PM,86+,F
11/13/2007 06:02 AM,26-35,F
11/03/2007 07:41 PM,86+,M
11/09/2007 10:26 AM,26-35,M
11/28/2007 11:04 PM,66-75,M
11/24/2007 06:53 AM,86+,M
11/20/2007 10:28 AM,86+,F
11/11/2007 06:45 PM,76-85,F
11/11/2007 02:32 AM,66-75,M
11/26/2007 10:44 AM,26-35,M
11/27/2007 05:56 PM,26-35,M
11/08/2008 11:04 AM,16-25,M
11/16/2008 12:13 AM,16-25,M
11/07/2008 06:11 AM,86+,F
11/03/2008 05:59 PM,26-35,M
11/17/2008 08:33 AM,86+,M
11/28/2008 08:38 PM,16-25,M
11/18/2008 01:43 AM,16-25,M
11/17/2008 03:52 PM,56-65,M
11/10/2008 03:46 AM,86+,F
11/14/2008 06:31 AM,86+,M
11/05/2008 12:55 AM,46-55,M
11/02/2008 10:28 AM,86+,F
11/27/2008 05:06 AM,16-25,M
11/08/2008 07:41 PM,86+,F
11/27/2008 11:10 AM,26-35,F
11/27/2008 03:16 PM,76-85,M
11/07/2008 10:05 AM,<16,F
11/18/2008 04:05 PM,46-55,M
11/13/2008 08:15 AM,86+,F
11/18/2008 05:25 PM,16-25,M
11/10/2008 01:38 AM,56-65,M
11/19/2008 08:32 PM,76-85,F
11/05/2008 07:51 PM,36-45,M
11/05/2008 11:15 PM,86+,M
11/11/2008 04:11 AM,16-25,M
11/19/2008 06:35 PM,56-65,M
11/09/2008 12:09 PM,26-35,F
11/08/2008 03:26 AM,76-85,M
11/09/2008 06:32 AM,76-85,M
11/27/2008 10:36 PM,66-75,M
11/13/2008 06:04 AM,76-85,M
11/01/2008 04:35 PM,26-35,M
11/15/2008 08:15 AM,56-65,M
11/07/2008 08:31 AM,46-55,F
11/10/2008 08:52 PM,76-85,M
11/11/2009 12:54 PM,86+,F
11/08/2009 03:14 PM,86+,M
11/28/2009 06:42 AM,86+,F
11/20/2009 06:43 AM,26-35,M
11/17/2009 07:42 PM,86+,M
11/03/2009 03:09 PM,86+,F
11/16/2009 04:59 AM,46-55,F
11/23/2009 04:12 PM,86+,F
11/28/2009 11:41 PM,66-75,F
11/02/2009 03:29 AM,16-25,M
11/25/2009 10:57 AM,36-45,F
11/04/2009 05:11 AM,16-25,F
11/04/2009 12:01 PM,86+,F
11/24/2009 10:54 AM,86+,M
11/26/2009 05:38 AM,66-75,M
11/23/2009 12:45 PM,86+,M
11/12/2009 03:26 AM,86+,M
11/09/2009 09:58 AM,66-75,M
11/11/2009 02:48 AM,66-75,M
11/24/2009 05:27 PM,66-75,F
11/14/2009 03:32 PM,86+,M
11/18/2009 03:10 AM,66-75,F
11/23/2009 02:32 PM,86+,M
11/24/2009 07:00 AM,56-65,F
11/28/2009 06:15 PM,56-65,F
11/15/2009 05:46 PM,26-35,M
11/25/2009 03:03 AM,26-35,F
11/23/2010 01:00 PM,16-25,M
11/06/2010 12:25 PM,56-65,M
11/13/2010 09:20 AM,36-45,F
11/12/2010 09:07 PM,86+,M
11/27/2010 09:40 AM,76-85,F
11/28/2010 09:20 PM,26-35,F
11/08/2010 03:00 PM,36-45,F
11/16/2010 06:25 AM,36-45,M
11/13/2010 02:21 AM,26-35,M
11/04/2010 07:43 PM,76-85,F
11/07/2010 11:47 PM,76-85,M
11/08/2010 02:58 AM,86+,M
11/07/2010 06:33 AM,86+,M
11/16/2010 02:35 AM,76-85,M
11/28/2010 10:52 AM,36-45,M
11/08/2010 05:28 PM,86+,F
11/23/2010 01:40 PM,86+,F
11/22/2010 05:44 PM,66-75,M
11/13/2010 06:27 AM,66-75,F
11/22/2010 03:39 PM,86+,M
11/09/2010 09:08 AM,76-85,M
11/25/2010 04:01 AM,16-25,F
11/19/2010 10:18 PM,46-55,M
11/08/2010 07:36 PM,16-25,M
11/07/2010 03:48 PM,36-45,M
11/21/2010 04:47 PM,76-85,F
11/14/2010 02:36 AM,46-55,M
11/01/2010 04:34 PM,36-45,M
11/27/2010 03:16 PM,26-35,M
11/21/2010 09:29 PM,76-85,M
11/15/2010 03:31 AM,76-85,M
11/01/2010 08:30 PM,26-35,F
11/17/2010 08:23 AM,66-75,F
11/16/2010 07:51 AM,86+,M
11/02/2010 05:22 AM,66-75,F
11/07/2010 10:04 PM,36-45,M
11/11/2010 06:18 PM,86+,M
11/27/2010 10:00 PM,46-55,F
11/25/2010 04:08 PM,76-85,F
11/05/2010 06:22 AM,86+,M
11/14/2011 12:10 AM,76-85,M
11/03/2011 09:34 AM,<16,M
11/11/2011 04:58 PM,36-45,M
11/06/2011 04:31 AM,46-55,M
11/26/2011 01:17 PM,46-55,M
11/02/2011 08:58 PM,66-75,M
11/18/2011 05:28 PM,86+,M
11/22/2011 12:19 AM,76-85,F
11/19/2011 11:39 AM,46-55,M
11/18/2011 07:42 AM,36-45,F
11/23/2011 06:39 PM,46-55,M
11/25/2011 05:09 PM,46-55,M
11/01/2011 11:30 AM,16-25,M
11/15/2011 03:01 PM,16-25,M
11/03/2011 09:49 PM,76-85,M
11/03/2011 03:10 PM,46-55,M
11/20/2011 08:07 PM,86+,F
11/10/2011 08:44 AM,36-45,M
11/07/2011 06:38 AM,36-45,M
11/20/2011 08:04 PM,66-75,M
11/11/2011 12:33 AM,76-85,M
11/03/2011 10:51 PM,76-85,M
11/10/2011 04:18 AM,46-55,F
11/24/2011 01:05 AM,86+,M
11/21/2011 01:01 PM,16-25,M
11/20/2012 11:17 AM,66-75,M
11/10/2012 05:36 PM,86+,F
11/05/2012 02:44 AM,76-85,M
11/14/2012 04:09 AM,<16,M
11/04/2012 04:14 AM,16-25,F
11/25/2012 04:59 PM,16-25,M
11/05/2012 04:33 PM,<16,F
11/23/2012 02:19 PM,16-25,M
11/11/2012 12:17 PM,86+,F
11/15/2012 05:24 AM,86+,M
11/19/2012 10:54 AM,46-55,F
11/05/2012 01:16 AM,86+,M
11/05/2012 08:24 PM,66-75,F
11/24/2012 09:34 AM,76-85,M
11/04/2012 04:58 AM,66-75,F
11/20/2012 03:05 AM,26-35,M
11/17/2012 10:27 AM,86+,F
11/14/2012 01:46 PM,76-85,M
11/07/2012 07:28 PM,16-25,M
11/19/2012 05:39 AM,86+,M
11/01/2012 09:59 AM,16-25,M
11/04/2012 05:24 PM,86+,F
11/19/2012 08:08 PM,56-65,F
11/20/2012 10:49 PM,56-65,M
11/27/2012 07:12 AM,16-25,M
11/07/2012 06:43 PM,76-85,M
11/18/2012 02:52 PM,76-85,M
11/23/2013 08:40 PM,86+,M
11/21/2013 05:42 AM,56-65,M
11/17/2013 10:04 AM,76-85,M
11/13/2013 05:38 PM,76-85,F
11/17/2013 05:23 AM,76-85,M
11/21/2013 12:28 PM,26-35,M
11/17/2013 07:53 PM,86+,F
11/03/2013 01:05 PM,76-85,M
11/19/2013 05:30 PM,46-55,M
11/21/2013 01:29 PM,56-65,M
11/26/2013 05:10 PM,16-25,M
11/16/2013 04:46 AM,86+,M
11/11/2013 09:34 PM,86+,M
11/13/2013 08:19 AM,56-65,M
11/20/2013 07:14 PM,56-65,M
11/04/2013 12:41 PM,16-25,M
11/27/2013 02:36 AM,16-25,M
11/16/2013 10:53 AM,36-45,M
11/09/2013 12:36 PM,66-75,M
11/13/2013 03:19 AM,16-25,F
11/27/2013 12:43 PM,76-85,M
11/10/2013 01:02 AM,16-25,F
11/16/2013 01:58 AM,46-55,F
11/10/2013 11:15 AM,86+,M
11/18/2013 08:19 PM,26-35,F
11/16/2013 09:51 PM,76-85,M
11/06/2013 06:52 AM,36-45,M
11/09/2013 11:50 PM,46-55,M
11/07/2013 11:37 PM,76-85,M
11/21/2013 02:19 AM,56-65,M
11/13/2014 07:09 AM,16-25,F
11/05/2014 07:12 PM,36-45,F
11/23/2014 01:33 AM,86+,M
11/06/2014 04:48 AM,86+,F
11/21/2014 12:16 PM,16-25,M
11/17/2014 02:33 AM,26-35,F
11/13/2014 07:06 AM,86+,F
11/09/2014 11:30 PM,76-85,F
11/16/2014 04:26 PM,16-25,M
11/04/2014 07:13 AM,56-65,M
11/05/2014 04:18 AM,66-75,M
11/14/2014 08:50 AM,26-35,M
11/15/2014 05:15 AM,36-45,M
11/02/2014 06:07 PM,36-45,F
11/17/2014 09:14 PM,16-25,M
11/16/2014 06:29 PM,66-75,M
11/02/2014 06:03 AM,36-45,F
11/13/2014 07:13 AM,46-55,F
11/09/2014 07:11 AM,86+,M
11/27/2014 05:28 AM,56-65,F
11/02/2014 10:42 PM,86+,M
11/02/2014 10:40 AM,16-25,F
11/19/2014 02:58 PM,36-45,F
11/28/2014 02:42 AM,36-45,M
11/24/2015 08:21 PM,16-25,M
11/24/2015 08:15 PM,76-85,M
11/28/2015 01:31 PM,36-45,M
11/27/2015 03:23 AM,26-35,F
11/23/2015 07:33 PM,86+,F
11/10/2015 02:39 AM,76-85,M
11/26/2015 05:15 AM,76-85,M
11/06/2015 04:26 PM,16-25,M
11/22/2015 08:08 PM,76-85,F
11/13/2015 01:50 AM,46-55,M
11/04/2015 12:06 PM,86+,M
11/11/2015 02:08 AM,76-85,F
11/12/2015 06:50 PM,86+,M
11/13/2015 09:11 PM,86+,M
11/11/2015 02:35 AM,16-25,M
11/12/2015 03:41 AM,26-35,M
11/19/2015 09:44 AM,86+,M
11/06/2015 03:42 PM,16-25,M
11/01/2015 09:59 PM,36-45,M
11/10/2015 02:16 PM,66-75,M
11/19/2015 07:38 AM,76-85,F
11/02/2015 01:08 AM,66-75,M
11/19/2015 09:29 AM,16-25,F
11/08/2015 10:14 PM,86+,M
11/10/2015 12:04 AM,76-85,F
11/01/2016 02:24 AM,86+,F
11/04/2016 04:55 AM,76-85,F
11/03/2016 08:48 AM,46-55,M
11/12/2016 09:19 AM,76-85,F
11/02/2016 11:37 AM,46-55,M
11/04/2016 02:50 PM,76-85,F
11/08/2016 03:11 AM,86+,M
11/21/2016 01:00 PM,26-35,M
11/28/2016 03:28 PM,36-45,F
11/08/2016 08:01 PM,76-85,F
11/12/2016 07:35 PM,46-55,M
11/21/2016 05:34 PM,26-35,F
11/09/2016 12:05 AM,86+,M
11/17/2016 03:28 PM,36-45,M
11/01/2016 06:51 AM,46-55,M
11/06/2016 08:28 AM,56-65,M
11/07/2016 08:50 AM,86+,M
11/14/2016 07:20 AM,66-75,M
11/01/2016 12:15 PM,76-85,F
11/18/2016 04:20 AM,76-85,M
11/02/2016 04:19 PM,86+,F
11/12/2016 01:24 AM,56-65,M
11/05/2016 04:38 AM,46-55,M
11/04/2016 06:09 PM,36-45,M
11/16/2016 07:55 AM,76-85,F
11/09/2016 04:40 PM,26-35,M
11/25/2016 11:49 AM,26-35,M
11/26/2016 12:11 AM,36-45,F
11/04/2016 09:09 AM,56-65,M
12/18/2007 05:42 PM,76-85,M
12/15/2007 03:57 PM,46-55,F
12/28/2007 07:38 PM,86+,F
12/18/2007 10:35 PM,56-65,F
12/27/2007 04:03 PM,16-25,F
12/09/2007 01:47 PM,76-85,M
12/11/2007 01:39 PM,86+,M
12/19/2007 06:46 PM,76-85,M
12/11/2007 10:03 PM,76-85,M
12/08/2007 02:38 AM,86+,M
12/08/2007 04:32 AM,86+,F
12/05/2007 02:19 PM,46-55,F
12/13/2007 01:16 AM,56-65,M
12/16/2007 04:54 AM,76-85,F
12/14/2007 01:03 AM,66-75,M
12/02/2007 05:12 PM,26-35,F
12/07/2007 08:26 PM,76-85,M
12/18/2007 02:54 AM,26-35,M
12/27/2007 12:53 AM,16-25,F
12/24/2007 05:48 AM,86+,M
12/28/2007 07:40 AM,16-25,M
12/13/2007 08:55 AM,56-65,M
12/24/2007 06:33 PM,26-35,M
12/08/2008 11:39 AM,86+,M
12/21/2008 07:40 AM,46-55,M
12/27/2008 08:50 PM,86+,M
12/27/2008 08:45 AM,36-45,F
12/24/2008 02:54 PM,26-35,M
12/05/2008 04:47 PM,46-55,F
12/17/2008 12:29 AM,86+,M
12/08/2008 12:23 AM,76-85,M
12/04/2008 04:39 PM,66-75,M
12/07/2008 03:13 AM,26-35,M
12/06/2008 03:15 AM,16-25,M
12/28/2008 10:14 AM,46-55,M
12/23/2008 03:16 AM,26-35,M
12/25/2008 05:41 AM,56-65,M
12/05/2008 03:22 AM,26-35,F
12/02/2008 02:59 PM,66-75,M
12/06/2008 01:39 AM,46-55,F
12/19/2008 12:02 AM,76-85,M
12/10/2008 07:09 PM,76-85,F
12/18/2008 01:54 AM,86+,F
12/26/2008 07:13 PM,86+,M
12/03/2008 12:31 PM,46-55,M
12/11/2008 06:41 PM,16-25,M
12/18/2008 04:56 PM,76-85,F
12/08/2008 02:23 PM,56-65,M
12/13/2008 08:58 AM,76-85,M
12/02/2008 05:07 PM,76-85,M
12/08/2008 02:25 PM,36-45,M
12/04/2008 02:51 AM,86+,M
12/09/2008 10:45 AM,16-25,M
12/26/2008 06:43 PM,26-35,M
12/22/2008 02:41 AM,36-45,F
12/22/2008 08:45 PM,76-85,M
12/23/2008 02:15 AM,16-25,M
12/27/2008 07:41 PM,86+,F
12/16/2008 11:25 AM,66-75,M
12/26/2008 06:10 AM,26-35,M
12/11/2008 09:03 AM,66-75,M
12/26/2008 05:24 PM,76-85,F
12/22/2008 05:52 PM,86+,M
12/01/2008 10:33 PM,76-85,M
12/12/2009 05:29 AM,36-45,M
12/15/2009 06:52 AM,26-35,M
12/13/2009 04:30 AM,16-25,M
12/22/2009 10:17 PM,86+,F
12/08/2009 09:21 PM,26-35,M
12/27/2009 11:49 AM,76-85,M
12/18/2009 07:35 AM,16-25,F
12/21/2009 06:17 AM,36-45,M
12/27/2009 12:14 AM,86+,M
12/16/2009 12:22 PM,76-85,F
12/21/2009 10:24 AM,86+,M
12/09/2009 01:45 PM,86+,M
12/24/2009 08:13 AM,36-45,M
12/09/2009 02:53 AM,56-65,F
12/10/2009 09:31 AM,76-85,M
12/01/2009 10:34 AM,86+,M
12/01/2009 03:22 AM,16-25,M
12/28/2009 08:36 PM,46-55,M
12/08/2009 02:27 PM,76-85,F
12/19/2009 03:09 AM,56-65,M
12/28/2009 11:22 AM,36-45,F
12/03/2009 03:26 PM,56-65,M
12/21/2009 10:53 PM,26-35,M
12/15/2009 04:50 PM,76-85,M
12/17/2009 12:54 AM,36-45,M
12/19/2009 03:24 PM,46-55,M
12/02/2009 10:43 PM,56-65,M
12/18/2009 12:57 AM,86+,M
12/04/2009 07:23 AM,86+,M
12/11/2009 03:04 PM,56-65,M
12/12/2009 10:44 PM,56-65,M
12/28/2009 12:53 AM,66-75,F
12/18/2009 05:44 AM,76-85,F
12/12/2009 02:26 PM,76-85,M
12/14/2009 10:07 PM,46-55,F
12/19/2009 04:35 AM,76-85,M
12/13/2009 06:05 AM,36-45,F
12/15/2009 10:32 AM,86+,M
12/23/2010 03:17 AM,26-35,M
12/08/2010 05:31 AM,86+,F
12/08/2010 05:51 PM,86+,M
12/28/2010 12:10 PM,46-55,F
12/25/2010 06:09 PM,86+,F
12/18/2010 12:50 AM,16-25,M
12/21/2010 08:49 PM,76-85,M
12/01/2010 06:21 AM,16-25,M
12/07/2010 03:42 AM,76-85,M
12/03/2010 06:53 PM,66-75,M
12/01/2010 05:34 AM,46-55,M
12/07/2010 05:05 PM,36-45,M
12/03/2010 05:16 PM,86+,F
12/08/2010 07:59 PM,66-75,M
12/18/2010 10:48 PM,86+,M
12/12/2010 05:09 PM,36-45,F
12/03/2010 01:17 PM,16-25,F
12/13/2010 10:09 PM,76-85,F
12/05/2010 11:11 AM,56-65,M
12/26/2010 12:46 AM,16-25,F
12/06/2010 03:22 PM,36-45,M
12/27/2010 12:22 PM,86+,F
12/21/2010 11:22 PM,76-85,M
12/15/2010 02:41 PM,36-45,M
12/01/2010 08:04 PM,86+,M
12/15/2010 10:47 PM,86+,F
12/12/2010 06:08 AM,76-85,M
12/04/2010 08:17 AM,56-65,F
12/24/2010 03:54 PM,76-85,M
12/24/2010 02:27 AM,26-35,F
12/15/2010 11:06 PM,56-65,M
12/04/2010 01:32 PM,76-85,M
12/28/2010 06:00 PM,16-25,F
12/15/2010 01:59 PM,86+,M
12/22/2010 09:23 AM,86+,M
12/22/2010 02:41 AM,46-55,M
12/21/2010 05:30 PM,66-75,M
12/15/2010 10:17 PM,66-75,M
12/15/2010 04:10 PM,46-55,M
12/08/2010 02:44 AM,56-65,F
12/05/2010 03:05 PM,86+,F
12/09/2011 05:58 AM,66-75,M
12/03/2011 06:54 PM,16-25,M
12/07/2011 11:45 PM,46-55,M
12/21/2011 08:10 AM,36-45,M
12/25/2011 11:59 PM,86+,F
12/15/2011 05:37 PM,76-85,F
12/13/2011 07:56 PM,76-85,F
12/12/2011 12:49 PM,76-85,M
12/04/2011 11:06 PM,56-65,M
12/18/2011 07:16 AM,76-85,F
12/28/2011 01:22 AM,76-85,F
12/06/2011 09:12 PM,66-75,M
12/10/2011 08:07 PM,76-85,M
12/10/2011 12:05 AM,76-85,M
12/10/2011 12:32 PM,26-35,M
12/10/2011 02:41 PM,76-85,F
12/08/2011 05:52 PM,<16,M
12/09/2011 09:42 PM,76-85,F
12/07/2011 07:59 PM,86+,F
12/24/2011 03:49 PM,66-75,F
12/13/2011 01:50 PM,56-65,F
12/07/2011 12:14 PM,66-75,M
12/17/2011 09:51 PM,16-25,M
12/20/2011 01:49 AM,46-55,M
12/27/2011 01:55 PM,16-25,M
12/26/2011 03:54 PM,56-65,M
12/28/2011 03:28 PM,16-25,M
12/22/2011 12:33 AM,56-65,M
12/11/2011 12:08 PM,66-75,M
12/02/2011 01:02 PM,26-35,M
12/19/2012 09:06 AM,46-55,M
12/27/2012 10:35 AM,66-75,M
12/14/2012 11:12 AM,86+,M
12/06/2012 12:43 PM,86+,F
12/17/2012 10:11 AM,46-55,M
12/13/2012 07:41 AM,56-65,M
12/05/2012 08:52 PM,86+,F
12/09/2012 12:35 AM,86+,M
12/28/2012 08:56 AM,66-75,F
12/10/2012 01:10 AM,26-35,M
12/15/2012 01:04 PM,46-55,M
12/06/2012 07:15 AM,16-25,M
12/04/2012 01:56 AM,46-55,F
12/07/2012 10:51 AM,16-25,M
12/12/2012 06:29 AM,16-25,M
12/20/2012 05:26 PM,76-85,M
12/01/2012 07:27 AM,56-65,F
12/15/2012 05:53 PM,56-65,F
12/19/2012 05:21 AM,56-65,M
12/21/2012 04:13 AM,86+,M
12/23/2012 03:42 PM,16-25,M
12/20/2012 04:13 PM,86+,M
12/03/2012 11:16 AM,16-25,F
12/25/2012 11:03 AM,56-65,M
12/05/2012 09:36 AM,56-65,M
12/20/2012 06:44 AM,16-25,M
12/12/2012 07:08 PM,26-35,M
12/27/2013 04:21 PM,16-25,M
12/19/2013 10:27 PM,76-85,F
12/17/2013 12:26 PM,86+,M
12/16/2013 02:17 AM,76-85,M
12/16/2013 11:25 PM,86+,M
12/14/2013 04:47 AM,56-65,M
12/09/2013 08:10 AM,56-65,F
12/03/2013 08:21 PM,76-85,M
12/18/2013 11:13 PM,36-45,F
12/11/2013 05:16 AM,66-75,M
12/15/2013 01:00 PM,26-35,M
12/06/2013 03:13 AM,66-75,F
12/24/2013 01:38 AM,76-85,M
12/26/2013 03:36 PM,36-45,F
12/20/2013 05:22 AM,16-25,M
12/22/2013 10:58 AM,76-85,M
12/05/2013 02:33 AM,86+,M
12/19/2013 10:42 AM,16-25,M
12/25/2013 09:49 PM,86+,F
12/20/2013 08:53 AM,46-55,M
12/16/2013 06:51 AM,26-35,M
12/02/2013 01:19 AM,86+,M
12/03/2013 01:29 AM,46-55,M
12/18/2013 04:02 PM,86+,M
12/28/2014 11:47 AM,76-85,M
12/15/2014 07:03 PM,36-45,M
12/17/2014 04:32 AM,76-85,F
12/12/2014 09:42 PM,86+,F
12/05/2014 12:04 PM,66-75,M
12/15/2014 06:13 AM,86+,F
12/03/2014 06:19 AM,76-85,M
12/25/2014 07:31 AM,46-55,M
12/23/2014 05:58 AM,76-85,F
12/11/2014 08:48 AM,76-85,M
12/17/2014 03:22 PM,76-85,F
12/11/2014 02:18 PM,86+,M
12/13/2014 02:19 AM,26-35,F
12/28/2014 04:11 PM,76-85,M
12/26/2014 02:27 PM,66-75,M
12/26/2014 02:41 AM,86+,M
12/28/2014 12:15 PM,86+,M
12/27/2014 10:27 AM,26-35,M
12/15/2014 10:42 PM,86+,M
12/08/2014 08:26 AM,16-25,M
12/18/2014 12:13 PM,76-85,M
12/09/2014 11:18 AM,26-35,M
12/04/2014 12:49 PM,86+,M
12/23/2015 06:47 AM,86+,M
12/19/2015 01:30 PM,76-85,M
12/15/2015 10:37 AM,26-35,M
12/22/2015 05:27 AM,76-85,M
12/28/2015 05:12 PM,66-75,F
12/13/2015 10:13 PM,76-85,F
12/28/2015 11:38 PM,86+,M
12/15/2015 04:36 PM,16-25,M
12/24/2015 08:57 PM,36-45,M
12/02/2015 07:07 PM,76-85,M
12/19/2015 01:04 AM,86+,M
12/09/2015 01:51 AM,86+,M
12/01/2015 08:03 PM,36-45,M
12/09/2015 12:35 AM,86+,F
12/19/2015 07:15 PM,46-55,M
12/01/2015 03:53 PM,76-85,M
12/15/2015 03:05 AM,56-65,M
12/03/2015 01:17 AM,76-85,F
12/11/2015 05:24 PM,46-55,M
12/02/2015 12:42 PM,36-45,M
12/21/2015 06:42 PM,76-85,M
12/08/2015 12:57 PM,76-85,M
12/02/2015 05:41 AM,66-75,M
12/26/2015 07:26 AM,66-75,F
12/18/2015 12:17 PM,46-55,F
12/04/2015 07:59 AM,76-85,F
12/12/2015 08:51 AM,76-85,M
12/25/2015 03:56 AM,36-45,F
12/11/2015 04:21 AM,36-45,M
12/28/2015 11:39 PM,36-45,M
12/01/2015 03:14 AM,26-35,M
12/12/2015 12:44 PM,36-45,M
12/25/2015 10:53 PM,56-65,F
12/02/2015 10:59 AM,56-65,M
12/21/2016 10:39 PM,36-45,M
12/22/2016 10:13 PM,36-45,F
12/22/2016 08:28 PM,16-25,M
12/24/2016 11:34 PM,76-85,M
12/16/2016 08:40 AM,86+,M
12/12/2016 03:55 PM,86+,M
12/10/2016 04:49 PM,86+,F
12/02/2016 02:13 PM,76-85,F
12/15/2016 01:54 AM,56-65,F
12/08/2016 10:32 PM,46-55,M
12/15/2016 11:14 AM,86+,F
12/08/2016 12:47 PM,56-65,M
12/20/2016 12:05 PM,76-85,M
12/02/2016 02:22 AM,56-65,M
12/23/2016 05:22 AM,66-75,M
12/11/2016 01:38 AM,26-35,M
12/16/2016 07:22 PM,86+,M
12/19/2016 01:09 PM,16-25,M
12/26/2016 02:33 AM,56-65,M
12/11/2016 09:04 AM,86+,M
12/24/2016 03:48 PM,36-45,M
12/26/2016 09:19 PM,56-65,M
12/21/2016 03:32 PM,26-35,M
12/22/2016 03:51 PM,26-35,M
12/20/2016 04:24 PM,76-85,F
12/20/2016 02:49 PM,76-85,M
